Date,Name,Year,Letterboxd URI,Rating,Rewatch,Tags,Watched Date
2019-08-13,Fast & Furious Presents: Hobbs & Shaw,2019,https://boxd.it/MHVuF,3,,"w/ michael, @ theatre",2019-08-12
2019-08-13,What We Do in the Shadows,2014,https://boxd.it/MLgKF,4,,,2019-08-13
2019-08-27,Scary Stories to Tell in the Dark,2019,https://boxd.it/NtAkv,2.5,,"w/ kyle, @ theatre",2019-08-26
2020-05-01,Parasite,2019,https://boxd.it/17jwOh,4.5,,"w/dad, @ home",2019-09-13
2019-09-24,Good Boys,2019,https://boxd.it/OVukT,3.5,,"w/ myself, @ home, sparrow",2019-09-23
2021-08-03,Baby Driver,2017,https://boxd.it/22zje1,4.5,Yes,"@ home, w/ myself, sparrow",2019-09-23
2019-09-24,Godzilla: King of the Monsters,2019,https://boxd.it/OUX49,2,,"w/ myself, @ home, sparrow",2019-09-24
2019-09-25,Hunt for the Wilderpeople,2016,https://boxd.it/OY2yz,4,,"w/ myself, @ home, sparrow",2019-09-25
2019-09-25,Nightcrawler,2014,https://boxd.it/P0Ekp,4.5,,"w/ myself, @ school, sparrow",2019-09-25
2019-09-26,Zodiac,2007,https://boxd.it/P1ey3,4,,"w/ myself, @ home, sparrow",2019-09-26
2019-09-27,It Chapter Two,2019,https://boxd.it/P3UeN,3,,"w/ myself, @ home, sparrow",2019-09-27
2019-10-01,Ralph Breaks the Internet,2018,https://boxd.it/PhvBZ,2.5,,"w/rigg, @ home, netflix",2019-10-01
2019-10-05,Justice League,2017,https://boxd.it/PtT9J,2,,"w/ myself, @ home, @ school, sparrow",2019-10-05
2019-10-05,Escape Room,2019,https://boxd.it/PtTqP,3,,"w/ myself, @ home, sparrow",2019-10-05
2019-10-07,Suicide Squad,2016,https://boxd.it/PBYdn,1.5,,"w/ myself, @ home, sparrow",2019-10-07
2019-10-08,127 Hours,2010,https://boxd.it/PHiyv,3.5,,"w/ myself, @ home, sparrow",2019-10-08
2019-10-10,Looper,2012,https://boxd.it/POEqd,4,,"w/ myself, @ home, sparrow",2019-10-10
2019-10-14,Madagascar,2005,https://boxd.it/Q3TO5,2,,"w/ maris, in car, dvd",2019-10-13
2019-10-16,Juno,2007,https://boxd.it/QccWt,3,,"w/ myself, @ school, sparrow",2019-10-15
2019-10-18,Whiplash,2014,https://boxd.it/QiWO3,5,,"w/ myself, @ home, sparrow",2019-10-18
2019-10-29,The Room,2003,https://boxd.it/QYk0X,2,,"w/adam, @ home, sparrow, w/eden",2019-10-29
2019-11-01,WALL·E,2008,https://boxd.it/R7GjF,4,,"w/ myself, @ school, disney+",2019-10-31
2019-11-05,First Man,2018,https://boxd.it/RpyR1,3.5,,"w/ myself, in car, sparrow",2019-11-04
2019-11-06,Avatar,2009,https://boxd.it/RsEix,2.5,,"w/ myself, in car, sparrow",2019-11-06
2019-11-07,Booksmart,2019,https://boxd.it/RuQDr,3.5,,"w/ myself, in car, sparrow",2019-11-06
2019-11-07,Superbad,2007,https://boxd.it/RuSRP,3.5,,"w/ myself, @ home, sparrow",2019-11-06
2019-11-08,Up,2009,https://boxd.it/RxXfH,4,,"w/ myself, @ school, disney+",2019-11-07
2019-11-10,Jojo Rabbit,2019,https://boxd.it/RFNXZ,4,,"w/dad, @ theatre",2019-11-10
2019-11-13,Solo: A Star Wars Story,2018,https://boxd.it/RRHXt,3.5,Yes,"w/ myself, @ home, netflix",2019-11-13
2019-11-13,Toy Story 4,2019,https://boxd.it/RRJCR,2,,"w/ myself, @ home, sparrow",2019-11-13
2019-11-17,Big Hero 6,2014,https://boxd.it/S7C9P,3.5,,"w/dad, w/mom, w/rigg, w/ maris, @ home, disney+",2019-11-17
2019-11-17,Zootopia,2016,https://boxd.it/S7Dvd,3.5,,"w/dad, w/mom, w/rigg, w/ maris, @ home, disney+",2019-11-17
2019-11-21,John Mulaney: The Comeback Kid,2015,https://boxd.it/SjvfF,4,,"w/ myself, @ home, netflix",2019-11-20
2019-11-21,Forky Asks a Question: What Is Money?,2019,https://boxd.it/SjJIr,2,,"w/ myself, disney+, @ school",2019-11-20
2019-11-21,Forky Asks a Question: What Is a Friend?,2019,https://boxd.it/SjK7V,3,,"w/ myself, @ school, disney+",2019-11-20
2019-11-26,Kingsman: The Secret Service,2014,https://boxd.it/SE9VL,4,,"w/ myself, @ home, sparrow",2019-11-26
2019-11-28,Source Code,2011,https://boxd.it/SKxXj,3,,"w/ myself, @ school, sparrow",2019-11-27
2019-11-28,Columbus,2017,https://boxd.it/SLpbj,3,,"w/ myself, @ home, sparrow",2019-11-27
2019-11-28,Casino Royale,2006,https://boxd.it/SLYQL,3,,"w/dad, @ home, prime",2019-11-27
2019-11-28,The Good Dinosaur,2015,https://boxd.it/SMcy7,2.5,,"w/ myself, @ home, disney+",2019-11-27
2019-12-02,Knives Out,2019,https://boxd.it/T3ATx,4,,"w/dad, @ theatre",2019-12-01
2019-12-03,Donnie Darko,2001,https://boxd.it/T6e65,3.5,,"w/ myself, in car, sparrow",2019-12-02
2019-12-05,The Princess and the Frog,2009,https://boxd.it/TdExP,3,,"w/ maris, @ home, disney+",2019-12-04
2019-12-05,Buried,2010,https://boxd.it/TdF95,3.5,Yes,"w/ myself, @ home, vod",2019-12-04
2019-12-05,Star Wars: Episode II - Attack of the Clones,2002,https://boxd.it/TeWhn,3,,"w/ myself, @ home, disney+",2019-12-04
2019-12-07,Forky Asks a Question: What Is Love?,2019,https://boxd.it/TlPtF,2.5,,"w/ myself, @ school, disney+",2019-12-06
2019-12-07,Brittany Runs a Marathon,2019,https://boxd.it/TlY1l,3.5,,"w/ myself, @ home, prime",2019-12-06
2019-12-09,Hereditary,2018,https://boxd.it/Tt9vv,4,,"w/ myself, @ home, sparrow",2019-12-09
2019-12-09,Star Wars: Episode III - Revenge of the Sith,2005,https://boxd.it/TtzuN,3.5,Yes,"w/ myself, @ home, disney+",2019-12-09
2019-12-10,The Adventures of Sharkboy and Lavagirl,2005,https://boxd.it/TwHop,1.5,,"w/rigg, @ home, netflix",2019-12-09
2019-12-11,Rogue One: A Star Wars Story,2016,https://boxd.it/TAKM3,4,Yes,"w/ myself, @ school, disney+",2019-12-11
2019-12-14,Forky Asks a Question: What Is a Computer?,2019,https://boxd.it/TLCih,1.5,,"w/ myself, @ school, disney+",2019-12-13
2019-12-14,Wind,2019,https://boxd.it/TLCpn,3,,"w/ myself, @ home, disney+",2019-12-13
2019-12-15,Marriage Story,2019,https://boxd.it/TPEjf,4.5,,"w/ myself, @ home, netflix",2019-12-14
2019-12-16,Return of the Jedi,1983,https://boxd.it/TUc4L,4,Yes,"w/ myself, @ home, disney+",2019-12-16
2019-12-16,The Empire Strikes Back,1980,https://boxd.it/TUd93,4,Yes,"w/ myself, @ home, disney+",2019-12-16
2019-12-16,Star Wars: The Force Awakens,2015,https://boxd.it/TUdZX,3.5,Yes,"w/ myself, @ home, disney+",2019-12-16
2019-12-18,National Treasure: Book of Secrets,2007,https://boxd.it/U2AfJ,3,,"w/ myself, @ home, netflix",2019-12-18
2019-12-21,"Honey, I Shrunk the Kids",1989,https://boxd.it/UgRNr,3,,"w/ maris, @ home, disney+",2019-12-20
2019-12-21,"Honey, I Blew Up the Kid",1992,https://boxd.it/UgSxf,3,,"w/dad, w/ maris, @ home, disney+",2019-12-20
2019-12-21,Star Wars: The Last Jedi,2017,https://boxd.it/UgUad,3.5,Yes,"w/ myself, @ home, disney+",2019-12-20
2019-12-22,Star Wars: The Rise of Skywalker,2019,https://boxd.it/UjrFn,3,,@ theatre,2019-12-22
2019-12-23,The Arrested Development Documentary Project,2013,https://boxd.it/UqAyz,4,,"w/ myself, netflix, @ home",2019-12-22
2019-12-25,The Matrix,1999,https://boxd.it/UzG15,3.5,,"w/ myself, @ home, netflix",2019-12-24
2019-12-25,Brave,2012,https://boxd.it/UzGqz,2.5,,"w/dad, w/ maris, @ home, disney+",2019-12-24
2019-12-25,John Mulaney & The Sack Lunch Bunch,2019,https://boxd.it/UCby9,3.5,,"w/ myself, @ home, netflix",2019-12-24
2019-12-27,Gemini Man,2019,https://boxd.it/ULTCR,2.5,,"w/ myself, @ home, sparrow",2019-12-26
2019-12-27,Life,2017,https://boxd.it/ULYyl,3.5,,"w/ myself, @ home, sparrow",2019-12-26
2019-12-27,Life,2017,https://boxd.it/ULZh1,3.5,,"w/ myself, @ home, sparrow",2019-12-26
2019-12-28,Prisoners,2013,https://boxd.it/UThaB,4,,"w/ myself, @ home, sparrow",2019-12-27
2019-12-28,Paul Blart: Mall Cop,2009,https://boxd.it/UT82D,1.5,Yes,"w/ ethan k, w/ jack, @ kiggins, netflix",2019-12-28
2019-12-30,Suki,2019,,2.5,,,2019-12-29
2019-12-30,Forky Asks a Question: What Is a Leader?,2019,https://boxd.it/V2V8D,1.5,,"w/ myself, @ home, disney+",2019-12-29
2019-12-30,How the Grinch Stole Christmas,2000,https://boxd.it/V3rmd,2.5,,"w/ myself, @ home, netflix",2019-12-29
2019-12-30,Murder Mystery,2019,https://boxd.it/V4urH,3.5,,"@ kiggins, netflix, w/ ethan k, w/ jack",2019-12-29
2019-12-31,Bumblebee,2018,https://boxd.it/V8NRx,3,,"w/ myself, @ home, prime",2019-12-30
2019-12-31,Wonder Park,2019,https://boxd.it/VbcIz,2.5,,"w/ myself, @ home, prime",2019-12-30
2020-01-01,Once Upon a Time… in Hollywood,2019,https://boxd.it/VfaTj,3.5,,"w/ myself, @ home, sparrow",2019-12-31
2020-01-01,Joker,2019,https://boxd.it/Vfc27,4.5,,"w/ myself, @ home, sparrow",2019-12-31
2020-01-01,Norm of the North,2016,https://boxd.it/VhFSZ,1,,"w/ myself, @ home, prime",2020-01-01
2020-01-01,Instant Family,2018,https://boxd.it/Vj0GH,4,,"w/ myself, @ home, prime",2020-01-01
2020-01-03,Spy Kids,2001,https://boxd.it/VvvKz,3,,"w/ myself, @ home, netflix",2020-01-01
2020-01-03,Ex Machina,2015,https://boxd.it/VsRDJ,4,,"w/ myself, @ home, netflix",2020-01-02
2020-01-03,End of Watch,2012,https://boxd.it/VwQuf,3,,"w/ myself, @ home, netflix",2020-01-02
2020-01-03,"Extremely Wicked, Shockingly Evil and Vile",2019,https://boxd.it/VvPU5,3,,"w/ myself, @ home, netflix",2020-01-03
2020-01-04,Limitless,2011,https://boxd.it/VCGxl,3.5,,"w/ myself, @ home, netflix",2020-01-03
2020-01-05,Stronger,2017,https://boxd.it/VIAkR,3.5,,"w/ myself, @ home, prime",2020-01-03
2020-01-06,Accidental Love,2015,https://boxd.it/VOH65,1,,"w/ myself, @ home, prime",2020-01-05
2020-01-07,The Report,2019,https://boxd.it/VTI45,4,Yes,"w/ myself, @ home, prime",2020-01-06
2020-01-08,Nightcrawler,2014,https://boxd.it/W1gUt,4.5,Yes,"w/ myself, @ home, prime",2020-01-07
2019-12-31,Transformers: Dark of the Moon,2011,https://boxd.it/VbkVL,2.5,Yes,"w/ myself, @ home, prime",2020-01-08
2020-01-10,Captain America: The First Avenger,2011,https://boxd.it/Waxk1,3,Yes,"w/ myself, @ home, sparrow",2020-01-09
2020-01-11,The Grinch,2018,https://boxd.it/WgKlt,2.5,,"w/ myself, @ home, netflix",2020-01-10
2020-01-12,Sherlock Holmes,2009,https://boxd.it/WmDnz,3,,"w/ myself, @ home, netflix",2020-01-11
2020-01-12,Catch Me If You Can,2002,https://boxd.it/WnDGj,4,,"w/dad, @ home, netflix",2020-01-11
2020-01-13,Okja,2017,https://boxd.it/Wtek5,3.5,,"w/ myself, @ home, netflix",2020-01-13
2020-01-15,Mission: Impossible,1996,https://boxd.it/WHeDf,4,Yes,"w/ myself, @ home, dvd",2020-01-13
2020-01-15,Captain Marvel,2019,https://boxd.it/WHlmP,2.5,Yes,"w/ myself, @ home, sparrow",2020-01-14
2020-01-17,A Bug's Life,1998,https://boxd.it/WOufH,3,Yes,"w/ maris, @ home, disney+",2020-01-15
2020-01-17,Ferris Bueller's Day Off,1986,https://boxd.it/WOZ09,4,Yes,"w/dad, @ home, netflix",2020-01-17
2020-01-17,A Quiet Place,2018,https://boxd.it/WP76J,4,Yes,"w/ myself, @ school, prime",2020-01-17
2020-01-17,Ferris Bueller's Day Off,1986,https://boxd.it/WREpN,4.5,,"w/ myself, @ home, netflix",2020-01-17
2020-01-18,Inside Out,2015,https://boxd.it/WVxbn,3,,"w/ myself, @ home, disney+",2020-01-17
2020-01-18,Ferris Bueller's Day Off,1986,https://boxd.it/WU1ip,5,Yes,"w/ myself, @ home, netflix",2020-01-18
2020-01-19,Midsommar,2019,https://boxd.it/WZCyf,3.5,,"w/ myself, @ home, prime",2020-01-18
2020-01-20,What's Eating Gilbert Grape,1993,https://boxd.it/X6dah,3.5,,"w/dad, @ home, netflix",2020-01-20
2020-01-20,1917,2019,https://boxd.it/XaHhv,4,,"w/dad, @ theatre",2020-01-20
2020-01-21,Don't Talk to Irene,2017,https://boxd.it/XguPr,3.5,,"w/ myself, @ home, prime",2020-01-20
2020-01-22,The Secret Life of Walter Mitty,2013,https://boxd.it/XlnfV,3,,"w/ myself, @ home, sparrow",2020-01-22
2020-01-23,Wild Card,2015,https://boxd.it/Xpnzp,,,"w/ myself, @ school, prime",2020-01-23
2020-01-24,Tomorrowland,2015,https://boxd.it/XvB3p,3,Yes,"w/ myself, @ home, sparrow",2020-01-24
2020-01-25,Jumanji: The Next Level,2019,https://boxd.it/XAAuJ,3.5,,"w/ sofia, @ theatre",2020-01-25
2020-01-26,Indiana Jones and the Kingdom of the Crystal Skull,2008,https://boxd.it/XGmxL,3,Yes,"w/ myself, @ home, netflix",2020-01-26
2020-01-27,Mine,2016,https://boxd.it/XMLVb,1.5,,"w/dad, @ home, netflix",2020-01-27
2020-01-28,Annihilation,2018,https://boxd.it/XSyGp,3.5,,"w/ myself, prime, @ home",2020-01-28
2020-01-29,Overlord,2018,https://boxd.it/XWrlR,3.5,,"w/ myself, @ school, prime",2020-01-29
2020-01-30,Between Two Ferns: The Movie,2019,https://boxd.it/Y1uux,3,Yes,"w/ myself, @ home, netflix",2020-01-30
2020-02-01,The Invention of Lying,2009,https://boxd.it/Y9R7x,3,,"w/ myself, @ home, netflix",2020-01-31
2020-02-01,The Lion King,2019,https://boxd.it/YaOY1,3,,"w/ myself, @ home, disney+",2020-02-01
2020-02-03,Up in the Air,2009,https://boxd.it/YkL3B,3.5,,"w/ myself, @ home, netflix",2020-02-02
2020-02-03,Moon,2009,https://boxd.it/YkLH7,3,,"w/ myself, @ home, netflix",2020-02-02
2020-02-03,2012,2009,https://boxd.it/YoPJ5,3,Yes,"w/ myself, @ home, prime",2020-02-03
2020-02-03,Hancock,2008,https://boxd.it/YoSJR,2,,"w/ myself, @ home, netflix",2020-02-03
2020-02-04,Mission: Impossible - Fallout,2018,https://boxd.it/YtEDP,4.5,Yes,"w/ myself, @ home, prime",2020-02-04
2020-02-05,Zombieland: Double Tap,2019,https://boxd.it/Yy4ct,3,,"w/ myself, @ home, sparrow",2020-02-05
2020-02-07,Spider-Man: Far From Home,2019,https://boxd.it/YHKqb,3.5,Yes,"w/ myself, @ school, sparrow",2020-02-07
2020-02-08,Aquaman,2018,https://boxd.it/YKtEV,3.5,,"w/ myself, @ home, sparrow",2020-02-07
2020-02-08,Dora and the Lost City of Gold,2019,https://boxd.it/YLyAh,2.5,,"w/ myself, @ home, sparrow",2020-02-07
2020-02-10,Ghostbusters,2016,https://boxd.it/YWJJV,2.5,,"w/ myself, @ home, sparrow",2020-02-09
2020-02-10,Room,2015,https://boxd.it/YWMaf,3.5,,"w/ myself, @ home, netflix",2020-02-09
2020-02-10,Now You See Me,2013,https://boxd.it/YZngj,3,,"w/ myself, @ home, sparrow",2020-02-09
2020-02-10,Now You See Me 2,2016,https://boxd.it/Z0rIX,3,,"w/ myself, @ home, sparrow",2020-02-10
2020-02-11,Sweet Girl,2021,https://boxd.it/Z3AxZ,,,,2020-02-10
2020-02-11,Honey Boy,2019,https://boxd.it/Z3wvb,3.5,,"w/ myself, @ school, prime",2020-02-11
2020-02-12,Yes Man,2008,https://boxd.it/Za2Oh,3,,"w/ myself, @ home, netflix",2020-02-12
2020-02-13,Sicario,2015,https://boxd.it/ZfMSz,3.5,,"w/ myself, @ home, sparrow",2020-02-13
2020-02-15,Sonic the Hedgehog,2020,https://boxd.it/Zporp,1.5,,"w/ ian, w/ wesley, @ theatre",2020-02-15
2020-02-17,The Naked Gun: From the Files of Police Squad!,1988,https://boxd.it/ZDSKp,4,,"w/ michael, @ michael's, netflix",2020-02-17
2020-02-18,Timmy Failure: Mistakes Were Made,2020,https://boxd.it/ZHfN3,3,,"w/ myself, @ home, disney+",2020-02-17
2020-02-19,Toy Story 4,2019,https://boxd.it/ZN4Dj,3.5,,"w/ myself, @ home, disney+",2020-02-19
2020-02-23,Paranormal Activity,2007,https://boxd.it/109LlV,4,,"w/ myself, @ home, netflix",2020-02-23
2020-02-24,"As Above, So Below",2014,https://boxd.it/10fMcn,4,,"w/ myself, @ home, netflix",2020-02-23
2020-02-24,The Naked Gun 2½: The Smell of Fear,1991,https://boxd.it/10cuDf,2.5,,"w/ myself, @ home, netflix",2020-02-24
2020-02-24,Airplane!,1980,https://boxd.it/10etfF,3,,"w/ myself, @ home, sparrow",2020-02-24
2020-02-24,The Karate Kid,1984,https://boxd.it/10fjKl,3.5,Yes,"w/ myself, @ home, sparrow",2020-02-24
2020-02-26,Men in Black 3,2012,https://boxd.it/10n5H9,3.5,,"w/ myself, @ school, sparrow",2020-02-26
2020-03-03,Jaws,1975,https://boxd.it/10TEwJ,4,,"w/ myself, @ home, prime",2020-03-03
2020-03-04,The World's End,2013,https://boxd.it/10VC3f,4,,"w/ myself, @ home, @ school, sparrow",2020-03-04
2020-03-04,Kim Possible,2019,https://boxd.it/10X09N,1.5,,"w/ maris, @ home, disney+",2020-03-04
2020-03-08,Hot Fuzz,2007,https://boxd.it/11dNwN,4,Yes,"w/ myself, @ home, sparrow",2020-03-08
2020-03-09,Super,2010,https://boxd.it/11j54R,3,,"w/ myself, @ home, sparrow",2020-03-09
2020-03-12,The Hitchhiker's Guide to the Galaxy,2005,https://boxd.it/11vIzt,4,,"w/ myself, @ school, sparrow",2020-03-12
2020-03-13,Onward,2020,https://boxd.it/11zxH5,3.5,,"w/ ian, @ theatre",2020-03-12
2020-03-17,Monsters vs Aliens,2009,https://boxd.it/11We11,4,,"w/ myself, @ home, sparrow",2020-03-17
2020-03-18,The Shawshank Redemption,1994,https://boxd.it/122Cr5,4,,"w/ myself, @ home, sparrow",2020-03-17
2020-03-18,"Love, Simon",2018,https://boxd.it/120w4b,3.5,Yes,"w/ myself, @ home, sparrow",2020-03-18
2020-03-18,Fantastic Mr. Fox,2009,https://boxd.it/120wyP,4,,"w/ myself, @ home, disney+",2020-03-18
2020-03-18,Spies in Disguise,2019,https://boxd.it/120x97,3.5,,"w/ myself, @ home, sparrow",2020-03-18
2020-03-18,The Grand Budapest Hotel,2014,https://boxd.it/121je5,4,,"w/ myself, @ home, sparrow",2020-03-18
2020-03-18,The Florida Project,2017,https://boxd.it/123pMh,4,,"w/ myself, @ home, netflix",2020-03-18
2020-03-19,Penguins of Madagascar,2014,https://boxd.it/126ATT,2,Yes,"w/ myself, @ home, sparrow",2020-03-19
2020-03-19,X-Men: First Class,2011,https://boxd.it/127dA7,3.5,Yes,"w/ myself, @ home, sparrow",2020-03-19
2020-03-19,X-Men: Days of Future Past,2014,https://boxd.it/128hfJ,4,Yes,"w/ myself, @ home, sparrow",2020-03-19
2020-03-19,X-Men: Apocalypse,2016,https://boxd.it/129jqV,3,Yes,"w/ myself, @ home, sparrow",2020-03-19
2020-03-20,Dark Phoenix,2019,https://boxd.it/12cLMV,2,,"w/ myself, @ home, sparrow",2020-03-20
2020-03-20,X-Men,2000,https://boxd.it/12eTUd,3,,"w/ myself, @ home, sparrow",2020-03-20
2020-03-21,Big Time Adolescence,2019,https://boxd.it/12jRyJ,3.5,,"w/ myself, @ home, sparrow",2020-03-21
2020-03-22,Nocturnal Animals,2016,https://boxd.it/12oEBv,4,,"w/ myself, @ home, sparrow",2020-03-22
2020-03-22,Velvet Buzzsaw,2019,https://boxd.it/12rBKl,2.5,,"w/ myself, @ home, netflix",2020-03-22
2020-03-23,X2,2003,https://boxd.it/12xNaV,3.5,,"w/ myself, @ home, sparrow",2020-03-23
2020-03-23,X-Men: The Last Stand,2006,https://boxd.it/12yvUj,2.5,,"w/ myself, @ home, sparrow",2020-03-23
2020-03-23,X-Men Origins: Wolverine,2009,https://boxd.it/12zsq3,2,Yes,"w/ myself, @ home, sparrow",2020-03-23
2020-03-24,The Wolverine,2013,https://boxd.it/12Ghbl,3,Yes,"w/ myself, @ home, sparrow",2020-03-24
2020-03-24,Logan,2017,https://boxd.it/12Hwpz,3.5,,"w/ myself, @ home, sparrow",2020-03-24
2020-03-25,Bloodshot,2020,https://boxd.it/12LCat,0.5,,"w/ myself, @ home, sparrow",2020-03-25
2020-03-25,Birds of Prey (and the Fantabulous Emancipation of One Harley Quinn),2020,https://boxd.it/12MaMV,3.5,,"w/ myself, @ home, sparrow",2020-03-25
2020-03-25,The Invisible Man,2020,https://boxd.it/12MVml,3.5,,"w/ myself, @ home, sparrow",2020-03-25
2020-03-28,The Hangover,2009,https://boxd.it/133SJv,3,,"w/ myself, @ home, sparrow",2020-03-28
2020-03-29,Quantum of Solace,2008,https://boxd.it/13bGCD,2,,"w/dad, w/mom, @ home, prime",2020-03-29
2020-03-31,The Hangover Part II,2011,https://boxd.it/13sISd,2.5,,"w/ myself, @ home, sparrow",2020-03-29
2020-03-31,The Hangover Part III,2013,https://boxd.it/13sSul,3,,"w/ myself, @ home, sparrow",2020-03-31
2020-04-01,Upgrade,2018,https://boxd.it/13zP1T,3.5,,"w/ myself, @ home, sparrow",2020-04-01
2020-04-01,The Disaster Artist,2017,https://boxd.it/13B2EV,4,,"w/ myself, @ home, sparrow",2020-04-01
2020-04-02,The Cabin in the Woods,2011,https://boxd.it/13K5P1,4,,"w/ myself, @ home, prime",2020-04-01
2020-04-03,Due Date,2010,https://boxd.it/13P9nb,2.5,,"w/ myself, @ home, sparrow",2020-04-03
2020-04-03,Oblivion,2013,https://boxd.it/13STGz,2.5,,"w/ myself, @ home, sparrow",2020-04-03
2020-04-04,Impractical Jokers: The Movie,2020,https://boxd.it/13Vf4r,3,,"w/ myself, @ home, sparrow",2020-04-04
2020-04-04,Iron Man,2008,https://boxd.it/13XR8Z,4,Yes,"w/ myself, @ home, disney+",2020-04-04
2020-04-05,The Incredible Hulk,2008,https://boxd.it/143CAV,3,Yes,"w/ myself, @ home, sparrow",2020-04-05
2020-04-05,Iron Man 2,2010,https://boxd.it/149IbJ,3.5,Yes,"w/ myself, @ home, disney+",2020-04-05
2020-04-10,Thor,2011,https://boxd.it/14G3QR,3,Yes,"w/ myself, @ home, disney+",2020-04-09
2020-04-10,The Avengers,2012,https://boxd.it/14HIth,4.5,Yes,"w/ myself, @ home, disney+",2020-04-10
2020-04-11,Iron Man 3,2013,https://boxd.it/14MmlP,3.5,Yes,"w/ myself, @ home, disney+",2020-04-11
2020-04-11,Thor: The Dark World,2013,https://boxd.it/14SFjF,3,Yes,"w/ myself, @ home, disney+",2020-04-11
2020-04-12,Captain America: The Winter Soldier,2014,https://boxd.it/14XEM7,4,Yes,"w/ myself, @ home, disney+",2020-04-12
2020-04-13,Guardians of the Galaxy,2014,https://boxd.it/15a61R,4,Yes,"w/ myself, @ home, disney+",2020-04-13
2020-04-14,Guardians of the Galaxy Vol. 2,2017,https://boxd.it/15fNBD,3.5,Yes,"w/ myself, @ home, disney+",2020-04-14
2020-04-14,Ant-Man,2015,https://boxd.it/15iVwH,4,Yes,"w/ myself, @ home, disney+",2020-04-14
2020-04-16,Avengers: Age of Ultron,2015,https://boxd.it/15vP0V,4,Yes,"w/ myself, @ home, disney+",2020-04-16
2020-04-18,Captain America: Civil War,2016,https://boxd.it/15LUYj,4,Yes,"w/ myself, @ home, disney+",2020-04-18
2020-04-21,Spider-Man: Homecoming,2017,https://boxd.it/16aUYj,4,Yes,"w/ myself, @ home, sparrow",2020-04-21
2020-04-22,Black Panther,2018,https://boxd.it/16h6of,3,Yes,"w/ myself, @ home, disney+",2020-04-22
2020-04-23,Doctor Strange,2016,https://boxd.it/16lKXn,4,Yes,"w/ myself, @ home, disney+",2020-04-23
2020-04-23,Ant-Man and the Wasp,2018,https://boxd.it/16nimx,3.5,Yes,"w/ myself, @ home, netflix",2020-04-23
2020-04-23,Despicable Me,2010,https://boxd.it/16oVPl,2.5,Yes,"w/dad, w/mom, w/rigg, w/ maris, @ home, netflix",2020-04-23
2020-04-25,Thor: Ragnarok,2017,https://boxd.it/16CPYp,3.5,Yes,"w/ myself, @ home, disney+",2020-04-25
2020-04-26,Avengers: Infinity War,2018,https://boxd.it/16JVnt,4.5,Yes,"w/ myself, @ home, disney+",2020-04-26
2020-04-26,Avengers: Endgame,2019,https://boxd.it/16LueN,4,Yes,"@ home, disney+, w/dad",2020-04-26
2020-04-29,Django Unchained,2012,https://boxd.it/178XrR,3.5,,"w/ myself, @ home, netflix",2020-04-29
2020-04-30,Uncut Gems,2019,https://boxd.it/17g4tp,4,,"w/ myself, @ home, netflix",2020-04-30
2020-05-03,Jarhead,2005,https://boxd.it/17z9NR,4,,"w/ myself, @ home, netflix",2020-05-03
2020-05-04,Minority Report,2002,https://boxd.it/17NdL9,3,,"w/ myself, @ home, netflix",2020-05-04
2020-05-04,Back to the Future,1985,https://boxd.it/17NY1H,4.5,Yes,"w/ myself, @ home, netflix",2020-05-04
2020-05-05,Back to the Future Part II,1989,https://boxd.it/17QLKZ,4,Yes,"w/ myself, @ home, netflix",2020-05-05
2020-05-05,Back to the Future Part III,1990,https://boxd.it/17UvyB,4,Yes,"w/ myself, @ home, netflix",2020-05-05
2020-05-09,Extraction,2020,https://boxd.it/18kLJx,2,,"w/ myself, @ home, netflix",2020-05-09
2020-05-12,Wildlife,2018,https://boxd.it/18IO7z,3.5,,"w/ myself, @ home, sparrow",2020-05-12
2020-05-17,Tremors,1990,https://boxd.it/19fBpr,1.5,,"w/ myself, @ home, netflix",2020-05-17
2020-05-17,Fantastic Four,2015,https://boxd.it/19gyOZ,1.5,Yes,"w/ myself, @ home, sparrow",2020-05-17
2020-05-18,John Wick,2014,https://boxd.it/19pv9H,3,,"w/dad, @ home, prime",2020-05-18
2020-05-19,Train to Busan,2016,https://boxd.it/19u1Vh,4.5,,"w/ myself, @ home, netflix, foreign",2020-05-19
2020-05-21,Kick-Ass 2,2013,https://boxd.it/19IrRj,1.5,,"w/ myself, @ home, sparrow",2020-05-21
2020-05-24,Scoob!,2020,https://boxd.it/1a3Xel,2,,"w/ myself, @ home, sparrow",2020-05-24
2020-05-25,Mad Max: Fury Road,2015,https://boxd.it/1aeCuJ,4.5,,"w/ myself, @ home, sparrow",2020-05-24
2020-05-26,Whiplash,2014,https://boxd.it/1akP7v,4.5,Yes,"w/ myself, @ home, sparrow",2020-05-26
2020-06-01,Creep,2014,https://boxd.it/1b2dKH,4,,"w/ myself, @ home, netflix",2020-06-01
2020-06-02,The Autopsy of Jane Doe,2016,https://boxd.it/1b4NW9,3,,"w/ myself, @ home, netflix",2020-06-02
2020-06-03,Eighth Grade,2018,https://boxd.it/1bdd7x,4,Yes,"w/ myself, @ home, sparrow",2020-06-03
2020-06-06,Middle School: The Worst Years of My Life,2016,https://boxd.it/1bsD5d,3,,"w/ myself, @ home, netflix",2020-06-06
2020-06-07,Creep 2,2017,https://boxd.it/1bzfRV,3,,"w/ myself, @ home, netflix",2020-06-07
2020-06-08,Star Wars: The Rise of Skywalker,2019,https://boxd.it/1bJWz1,3,Yes,"w/ myself, @ home, disney+",2020-06-08
2020-06-08,Con Air,1997,https://boxd.it/1bLP5x,2.5,,"w/dad, @ home, prime",2020-06-08
2020-06-09,The Other Guys,2010,https://boxd.it/1bT5xL,3.5,,"w/ myself, @ home, netflix",2020-06-09
2020-06-10,Sully,2016,https://boxd.it/1bWRdF,4.5,,"w/ myself, @ home, sparrow",2020-06-10
2020-06-11,Dolittle,2020,https://boxd.it/1c3J8B,1.5,,"w/ myself, @ home, sparrow",2020-06-11
2020-06-12,War of the Worlds,2005,https://boxd.it/1cb0el,3,,"w/ myself, @ home, sparrow",2020-06-12
2020-06-13,The Terminal,2004,https://boxd.it/1cfwU7,3.5,,"w/ myself, @ home, sparrow",2020-06-13
2020-06-13,Artemis Fowl,2020,https://boxd.it/1chgur,1.5,,"w/ myself, @ home, disney+",2020-06-13
2020-06-16,The Silence of the Lambs,1991,https://boxd.it/1cBjdj,4,,"w/ michael, @ michael's",2020-06-16
2020-06-21,Spider-Man,2002,https://boxd.it/1d3LX1,3.5,Yes,"w/ myself, @ home, sparrow",2020-06-21
2020-06-21,Spider-Man 2,2004,https://boxd.it/1d6KJX,3.5,Yes,"w/ myself, @ home, sparrow",2020-06-21
2020-06-23,Speed,1994,https://boxd.it/1dgtk7,3,,"w/ myself, @ home, sparrow",2020-06-23
2020-06-23,7500,2019,https://boxd.it/1djuut,2,,"w/dad, @ home, prime",2020-06-23
2020-06-25,The Amazing Spider-Man,2012,https://boxd.it/1dvaRB,3,Yes,"w/ myself, @ home, sparrow",2020-06-25
2020-06-26,The Amazing Spider-Man 2,2014,https://boxd.it/1dz8XP,3,Yes,"w/ myself, @ home, sparrow",2020-06-26
2020-06-26,Spider-Man: Into the Spider-Verse,2018,https://boxd.it/1dzFUf,4,Yes,"w/ myself, @ home, netflix",2020-06-26
2020-06-27,Jurassic Park,1993,https://boxd.it/1dFUDF,4,Yes,"w/ michael, drive-in",2020-06-27
2020-06-29,The Terminator,1984,https://boxd.it/1dTcs7,3,,"w/ myself, @ home, sparrow",2020-06-29
2020-06-30,Terminator 2: Judgment Day,1991,https://boxd.it/1dZh2v,4,,"w/ myself, @ home, sparrow",2020-06-30
2020-06-30,The Lego Movie,2014,https://boxd.it/1e0BXX,4.5,Yes,"w/ myself, @ home, prime",2020-06-30
2020-07-01,My Spy,2020,https://boxd.it/1e39FH,2.5,,"w/ myself, @ home, prime",2020-07-01
2020-07-01,The King of Staten Island,2020,https://boxd.it/1e4WmB,4,,"w/ myself, @ home, sparrow",2020-07-01
2020-07-03,Sharknado,2013,https://boxd.it/1eiko3,1,,"w/ myself, @ home, prime",2020-07-03
2020-07-04,Sharknado 2: The Second One,2014,https://boxd.it/1ekAMz,2,,"w/ myself, @ home, prime",2020-07-04
2020-07-05,Zodiac,2007,https://boxd.it/1eqvB9,4.5,Yes,"w/ myself, in car, netflix",2020-07-04
2020-07-05,Good Time,2017,https://boxd.it/1eux0d,3.5,,"w/ myself, in car, on vacation, netflix",2020-07-04
2020-07-07,Dinner for Schmucks,2010,https://boxd.it/1eKaOB,1.5,,"w/rigg, w/ kyle, w/ jack, w/ sarah, on vacation, netflix",2020-07-07
2020-07-10,Spaceballs,1987,https://boxd.it/1eYALr,3,Yes,"w/rigg, w/ kyle, w/ jack, w/ sarah, on vacation, netflix",2020-07-09
2020-07-11,You Don't Mess with the Zohan,2008,https://boxd.it/1f3w6J,2,,"w/rigg, w/ kyle, w/ jack, w/ sarah, on vacation, netflix",2020-07-10
2020-07-11,Airplane!,1980,https://boxd.it/1f9QtZ,2.5,Yes,"w/rigg, w/ kyle, w/ jack, w/ sarah, on vacation, netflix",2020-07-11
2020-07-12,Enemy,2013,https://boxd.it/1faEJD,3.5,,"w/ myself, in car, netflix",2020-07-11
2020-07-12,Panic Room,2002,https://boxd.it/1fcQqx,4,,"w/ myself, in car, prime",2020-07-12
2020-07-12,United 93,2006,https://boxd.it/1fecjP,4,,"w/ myself, @ home, sparrow",2020-07-12
2020-07-13,Flightplan,2005,https://boxd.it/1fiZuP,3,,"w/ myself, @ home, sparrow",2020-07-13
2020-07-13,Palm Springs,2020,https://boxd.it/1fnxwD,3,,"w/ myself, @ home, sparrow",2020-07-13
2020-07-14,Captain Phillips,2013,https://boxd.it/1fun8F,3.5,,"w/dad, @ home, prime, w/mom",2020-07-14
2020-07-18,Batman: Mask of the Phantasm,1993,https://boxd.it/1fPnRH,2.5,,"w/ myself, @ home, netflix",2020-07-18
2020-07-19,Gladiator,2000,https://boxd.it/1fYqVl,3.5,,"w/dad, @ home, dvd",2020-07-19
2020-07-19,The Half of It,2020,https://boxd.it/1fYssl,3,,"w/ myself, @ home, netflix",2020-07-19
2020-07-19,Megamind,2010,https://boxd.it/1g0kVX,4,Yes,"w/ myself, @ home, prime",2020-07-19
2020-07-20,The Usual Suspects,1995,https://boxd.it/1g3Vab,3.5,,"w/ myself, @ home, sparrow",2020-07-20
2020-07-22,Psych 2: Lassie Come Home,2020,https://boxd.it/1ghbfR,3,,"w/ myself, @ home, sparrow",2020-07-22
2020-07-22,Clueless,1995,https://boxd.it/1gjML5,4,,"w/ myself, @ home, netflix",2020-07-22
2020-07-23,Scott Pilgrim vs. the World,2010,https://boxd.it/1gnONv,4,Yes,"w/ myself, @ home, netflix",2020-07-23
2020-07-23,The Lobster,2015,https://boxd.it/1gpS8Z,3.5,,"w/ myself, @ home, netflix",2020-07-23
2020-07-26,Diary of a Wimpy Kid,2010,https://boxd.it/1gFQ4N,3,Yes,"w/ myself, @ home, disney+",2020-07-26
2020-07-26,Diary of a Wimpy Kid: Rodrick Rules,2011,https://boxd.it/1gHDYx,3,Yes,"w/ myself, @ home, disney+",2020-07-26
2020-07-26,Diary of a Wimpy Kid: Dog Days,2012,https://boxd.it/1gHKJz,3.5,Yes,"w/ myself, @ home, disney+",2020-07-26
2020-07-27,Diary of a Wimpy Kid: The Long Haul,2017,https://boxd.it/1gQexz,1.5,Yes,"w/ myself, @ home, disney+",2020-07-27
2020-07-28,Pirates of the Caribbean: The Curse of the Black Pearl,2003,https://boxd.it/1gTzQ9,3.5,,"w/ myself, @ home, disney+",2020-07-28
2020-07-28,The Wolf of Wall Street,2013,https://boxd.it/1gVWCN,3.5,,"w/ myself, @ home, sparrow",2020-07-28
2020-07-29,Best in Show,2000,https://boxd.it/1gZvWT,3,,"w/dad, @ home, prime",2020-07-28
2020-07-29,The Hunt,2020,https://boxd.it/1h1qeL,2.5,,"w/ myself, @ home, sparrow",2020-07-29
2020-07-30,Chef,2014,https://boxd.it/1h54v9,3.5,,"w/ myself, @ home, sparrow",2020-07-30
2020-08-05,As Good as It Gets,1997,https://boxd.it/1hGDxX,3,,"w/ michael, on vacation, prime",2020-08-04
2020-08-05,Life of Pi,2012,https://boxd.it/1hHzSf,4,Yes,"w/ michael, on vacation, prime",2020-08-04
2020-08-07,Jackass 3.5,2011,https://boxd.it/1hVM59,1,,"w/ myself, @ home, sparrow",2020-08-07
2020-08-08,Mission: Impossible - Rogue Nation,2015,https://boxd.it/1i07Zl,3.5,Yes,"w/ myself, @ home, prime",2020-08-08
2020-08-08,Get Out,2017,https://boxd.it/1i0vvJ,4,,"w/ myself, @ home, sparrow",2020-08-08
2020-08-10,Die Hard,1988,https://boxd.it/1ih1Wz,4,,"w/dad, w/rigg, @ home, vcr",2020-08-10
2020-08-12,Twilight,2008,https://boxd.it/1iuihf,1,,"w/ myself, @ home, prime",2020-08-12
2020-08-13,The Muppets,2011,https://boxd.it/1iAtHZ,4,Yes,"w/ myself, @ home, disney+",2020-08-13
2020-08-14,Pirates of the Caribbean: Dead Man's Chest,2006,https://boxd.it/1iDVyR,3.5,,"w/ myself, in car, disney+",2020-08-13
2020-08-14,Pirates of the Caribbean: At World's End,2007,https://boxd.it/1iGq2r,3.5,Yes,"w/ myself, in car, disney+",2020-08-13
2020-08-14,Sing,2016,https://boxd.it/1iGZ9H,3,Yes,"w/rigg, w/ maris, on vacation, dvd",2020-08-13
2020-08-15,Alvin and the Chipmunks: The Road Chip,2015,https://boxd.it/1iMCeB,1,Yes,"w/rigg, w/ maris, on vacation, dvd",2020-08-14
2020-08-17,Despicable Me 2,2013,https://boxd.it/1iWxi9,3,Yes,"w/rigg, w/ maris, on vacation, dvd",2020-08-16
2020-08-17,Alice in Wonderland,2010,https://boxd.it/1j0dtf,2,,"w/ myself, on vacation, disney+",2020-08-17
2020-08-17,The Incredibles,2004,https://boxd.it/1j0fOT,4,Yes,"w/ myself, @ home, disney+",2020-08-17
2020-08-17,Project Power,2020,https://boxd.it/1j0j2T,3,,"w/ myself, in car, netflix",2020-08-17
2020-08-22,Incredibles 2,2018,https://boxd.it/1jrUoL,4.5,Yes,"w/ myself, in car, disney+",2020-08-22
2020-08-22,Parasite,2019,https://boxd.it/1jv0rR,4.5,Yes,"w/ michael, w/ will, w/ john, w/ ryan, w/ micah, w/ ben, w/ trevor, @ home, prime",2020-08-22
2020-08-24,Grown Ups,2010,https://boxd.it/1jJdKP,1,,"w/ myself, @ home, sparrow",2020-08-24
2020-08-25,Grown Ups,2010,https://boxd.it/1jPBKL,0.5,Yes,"w/ will, w/ michael, on demand, w/ ben, w/ john, w/ trevor, w/ micah, w/ ryan, @ will's",2020-08-25
2020-08-25,Grown Ups 2,2013,https://boxd.it/1jPC6x,2,Yes,"w/ myself, @ home, sparrow",2020-08-25
2020-08-27,Batman Begins,2005,https://boxd.it/1k1Bfn,3.5,Yes,"w/ myself, @ home, sparrow",2020-08-27
2020-08-27,The Dark Knight,2008,https://boxd.it/1k1DAd,4,Yes,"w/ myself, @ home, sparrow",2020-08-27
2020-08-27,The Dark Knight Rises,2012,https://boxd.it/1k1IiN,3.5,Yes,"w/ myself, @ home, sparrow",2020-08-27
2020-08-27,Shutter Island,2010,https://boxd.it/1k1KiZ,4,,"w/dad, @ home, prime",2020-08-27
2020-08-28,The Edge of Seventeen,2016,https://boxd.it/1k7tAf,3,Yes,"w/ myself, @ home, sparrow",2020-08-28
2020-08-30,The Founder,2016,https://boxd.it/1kgDPd,2.5,,"w/ myself, @ home, netflix",2020-08-30
2020-08-30,Booksmart,2019,https://boxd.it/1kgFcx,4,Yes,"w/ myself, @ home, sparrow",2020-08-30
2020-08-30,The Truman Show,1998,https://boxd.it/1kkOlB,4,Yes,"w/ myself, @ home, sparrow",2020-08-30
2020-08-30,Ace Ventura: Pet Detective,1994,https://boxd.it/1klje7,3,,"w/ myself, @ home, sparrow",2020-08-30
2020-09-01,Se7en,1995,https://boxd.it/1kAxXF,4,,"w/dad, @ home, prime",2020-09-01
2020-09-02,Spotlight,2015,https://boxd.it/1kFDM9,3.5,,"w/ myself, @ home, netflix",2020-09-02
2020-09-03,Project X,2012,https://boxd.it/1kJeqP,2,,"w/ myself, @ home, sparrow",2020-09-03
2020-09-03,"McFarland, USA",2015,https://boxd.it/1kJJkN,4,Yes,"w/ myself, @ home, sparrow",2020-09-03
2020-09-04,Borat: Cultural Learnings of America for Make Benefit Glorious Nation of Kazakhstan,2006,https://boxd.it/1kR9jF,3,,"w/ myself, @ home, sparrow",2020-09-04
2020-09-05,Nightcrawler,2014,https://boxd.it/1kYXZ1,4,Yes,"@ michael's, w/ michael, w/ will, netflix",2020-09-05
2020-09-07,The Mask,1994,https://boxd.it/1l9hIf,2.5,,"w/ myself, @ home, sparrow",2020-09-07
2020-09-08,Phineas and Ferb: The Movie: Candace Against the Universe,2020,https://boxd.it/1lkVzz,2,,"w/rigg, w/ maris, @ home, disney+",2020-09-08
2020-09-09,I'm Thinking of Ending Things,2020,https://boxd.it/1loeff,3,,"w/ myself, @ home, netflix",2020-09-09
2020-09-13,Tenet,2020,https://boxd.it/1lLIjn,3.5,,"w/ will, @ theatre",2020-09-12
2020-09-13,Bill & Ted's Excellent Adventure,1989,https://boxd.it/1lOhNL,3,,"w/ myself, @ home, youtube",2020-09-12
2020-09-13,Bill & Ted's Bogus Journey,1991,https://boxd.it/1lPpMj,3,,"w/ myself, @ home, youtube",2020-09-13
2020-09-13,50/50,2011,https://boxd.it/1lQmkX,4,,"w/ myself, @ home, sparrow",2020-09-13
2020-09-14,(500) Days of Summer,2009,https://boxd.it/1lUucZ,3,,"w/ myself, @ home, sparrow",2020-09-14
2020-09-15,Bill & Ted Face the Music,2020,https://boxd.it/1m0T8b,3,,"w/ myself, @ home, sparrow",2020-09-15
2020-09-15,My Friend Dahmer,2017,https://boxd.it/1m34Or,2.5,,"w/ myself, @ home, sparrow",2020-09-15
2020-09-15,Kingsman: The Secret Service,2014,https://boxd.it/1m3ZgV,4,Yes,"w/ myself, @ home, sparrow",2020-09-15
2020-09-15,Kingsman: The Golden Circle,2017,https://boxd.it/1m4Mgl,3.5,Yes,"w/ myself, @ home, sparrow",2020-09-15
2020-09-16,Mean Girls,2004,https://boxd.it/1m7nh5,3.5,,"w/ myself, @ home, sparrow",2020-09-16
2020-09-16,Safety Not Guaranteed,2012,https://boxd.it/1mclSt,2.5,,"w/ myself, @ home, netflix",2020-09-16
2020-09-17,The Devil All the Time,2020,https://boxd.it/1mdF7f,4.5,,"w/ myself, @ home, netflix",2020-09-17
2020-09-18,Star Trek,2009,https://boxd.it/1mkInf,4,,"w/ myself, @ home, sparrow",2020-09-18
2020-09-19,Spree,2020,https://boxd.it/1moavd,3,,"w/ myself, @ home, sparrow",2020-09-19
2020-09-20,Fun with Dick and Jane,2005,https://boxd.it/1mxkRB,3,,"w/ myself, @ home, sparrow",2020-09-20
2020-09-21,Prisoners,2013,https://boxd.it/1mGdhf,4,Yes,"w/ myself, @ home, sparrow",2020-09-21
2020-09-23,The Social Dilemma,2020,https://boxd.it/1mPIJx,3.5,,"w/ myself, @ home, netflix",2020-09-23
2020-09-24,The Hate U Give,2018,https://boxd.it/1mVpvX,4,,"w/ myself, @ home, film studies, journal entry, sparrow",2020-09-24
2020-09-26,Pirates of the Caribbean: Dead Men Tell No Tales,2017,https://boxd.it/1n6uql,2,,"w/ myself, in car, disney+",2020-09-25
2020-09-26,mid90s,2018,https://boxd.it/1n6vEN,3.5,,"w/ myself, in car, prime",2020-09-25
2020-09-26,10 Things I Hate About You,1999,https://boxd.it/1n6wNV,3.5,,"w/ myself, in car, prime",2020-09-25
2020-09-27,Who Framed Roger Rabbit,1988,https://boxd.it/1ndjkF,3.5,,"w/ myself, on vacation, disney+",2020-09-25
2020-09-27,Jack,1996,https://boxd.it/1ndo9R,3,,"w/ myself, in car, on vacation, disney+",2020-09-26
2020-09-28,Manchester by the Sea,2016,https://boxd.it/1nkM0X,3.5,,"w/ myself, in car, prime",2020-09-27
2020-09-28,Enola Holmes,2020,https://boxd.it/1nkY5l,2.5,,"w/ myself, in car, netflix",2020-09-27
2020-09-28,Secret Society of Second Born Royals,2020,https://boxd.it/1nnqcX,1.5,,"w/ myself, in car, @ home, disney+",2020-09-28
2020-09-28,Real Steel,2011,https://boxd.it/1no5v7,2.5,Yes,"w/ myself, @ home, netflix",2020-09-28
2020-09-29,Saw,2004,https://boxd.it/1nqWfv,3,,"w/ myself, @ home, sparrow",2020-09-29
2020-09-29,Bombshell,2019,https://boxd.it/1nrqaZ,3.5,,"w/ myself, @ home, journal entry, sparrow",2020-09-29
2020-09-29,San Andreas,2015,https://boxd.it/1nrsUb,2.5,,"w/ myself, @ home, sparrow",2020-09-29
2020-09-29,Gran Torino,2008,https://boxd.it/1ntKq3,3.5,,"film studies, journal entry, @ school, sparrow",2020-09-29
2020-09-30,12 Angry Men,1957,https://boxd.it/1nw9zt,4,,"w/ myself, @ home, journal entry, sparrow",2020-09-30
2020-09-30,Willy Wonka & the Chocolate Factory,1971,https://boxd.it/1nx8GF,4,,"w/ myself, @ home, sparrow",2020-09-30
2020-09-30,Charlie and the Chocolate Factory,2005,https://boxd.it/1nxwid,2,,"w/ myself, @ home, sparrow",2020-09-30
2020-09-30,Shazam!,2019,https://boxd.it/1nA4Bx,3.5,Yes,"w/ myself, @ home, sparrow",2020-09-30
2020-10-01,Mr. Popper's Penguins,2011,https://boxd.it/1nBypt,2,,"w/ myself, @ home, sparrow",2020-10-01
2020-10-01,The Theory of Everything,2014,https://boxd.it/1nCrTD,3,,"w/ myself, @ home, netflix, film studies, journal entry",2020-10-01
2020-10-05,Scream,1996,https://boxd.it/1o7sIt,4,,"w/ myself, @ home, spooktober, sparrow",2020-10-05
2020-10-06,The Thing,1982,https://boxd.it/1obtT1,4,,"w/ myself, @ home, sparrow, spooktober",2020-10-06
2020-10-06,Shaun of the Dead,2004,https://boxd.it/1odYFX,3.5,Yes,"@ home, w/dad, w/rigg, dvd, spooktober",2020-10-06
2020-10-07,Final Destination,2000,https://boxd.it/1ogwaN,3.5,,"w/ myself, @ home, spooktober, sparrow",2020-10-07
2020-10-07,The Lighthouse,2019,https://boxd.it/1ohqor,4,,"w/ myself, @ home, prime, spooktober, st 2020",2020-10-07
2020-10-07,Ferris Bueller's Day Off,1986,https://boxd.it/1ojvNb,4,Yes,"w/ myself, @ home, sparrow",2020-10-07
2020-10-08,Hubie Halloween,2020,https://boxd.it/1onuAX,2.5,,"w/ myself, @ home, netflix, spooktober, st 2020",2020-10-08
2020-10-09,Rear Window,1954,https://boxd.it/1owPst,4,,"w/ myself, @ home, film studies, journal entry, sparrow",2020-10-09
2020-10-13,Stranger Than Fiction,2006,https://boxd.it/1oW2V9,4,,"w/ myself, @ home, netflix",2020-10-12
2020-10-13,Fargo,1996,https://boxd.it/1oUBTt,4,,"w/ myself, @ home, netflix",2020-10-13
2020-10-13,The Purge,2013,https://boxd.it/1oX7B1,2,,"w/ myself, @ home, spooktober, sparrow",2020-10-13
2020-10-14,Pulp Fiction,1994,https://boxd.it/1p2sYl,4.5,,"w/ myself, @ home, journal entry, sparrow",2020-10-14
2020-10-14,Baby Driver,2017,https://boxd.it/1p3nbb,4.5,Yes,"w/ myself, @ home, journal entry, sparrow",2020-10-14
2020-10-15,The Game,1997,https://boxd.it/1p6Rzj,3,,"w/dad, @ home, prime",2020-10-15
2020-10-15,The Royal Tenenbaums,2001,https://boxd.it/1p7QwF,3.5,,"w/dad, @ home, prime",2020-10-15
2020-10-16,The Departed,2006,https://boxd.it/1pg3rf,4,,"w/ myself, @ home, prime",2020-10-16
2020-10-17,Three Identical Strangers,2018,https://boxd.it/1piQ1J,3.5,,"@ school, dvd",2020-10-16
2020-10-17,Close Encounters of the Third Kind,1977,https://boxd.it/1pjprd,4,,"w/ myself, @ home, @ school, prime, director's cut, spooktober",2020-10-17
2020-10-17,Friday the 13th,1980,https://boxd.it/1pkK2b,3,,"w/ myself, @ home, spooktober, sparrow",2020-10-17
2020-10-17,American Psycho,2000,https://boxd.it/1pkLm7,4,Yes,"w/ myself, @ home, peacock",2020-10-17
2020-10-21,The Killing of a Sacred Deer,2017,https://boxd.it/1pNHcl,3.5,,"w/ myself, @ home, netflix",2020-10-21
2020-10-21,Sharknado 3: Oh Hell No!,2015,https://boxd.it/1pP5ZX,2,,"w/ myself, @ home, prime",2020-10-21
2020-10-21,Fight Club,1999,https://boxd.it/1pP9y7,3.5,,"w/dad, @ home, prime",2020-10-21
2020-10-22,Sharknado 4: The 4th Awakens,2016,https://boxd.it/1pRz7F,2,,"w/ myself, @ home, prime",2020-10-22
2020-10-22,The Graduate,1967,https://boxd.it/1pS53b,4,,"@ school, film studies, journal entry",2020-10-22
2020-10-22,Sharknado 5: Global Swarming,2017,https://boxd.it/1pTgCX,1.5,,"w/ myself, @ home, prime",2020-10-22
2020-10-22,The Last Sharknado: It's About Time,2018,https://boxd.it/1pU1kr,0.5,,"w/ myself, @ home, prime",2020-10-22
2020-10-23,Borat Subsequent Moviefilm,2020,https://boxd.it/1q2f4N,3,,"w/ myself, @ home, prime",2020-10-23
2020-10-26,Demolition,2015,https://boxd.it/1qmBNb,2,,"w/ myself, @ home, sparrow",2020-10-26
2020-10-27,Scooby-Doo! & Batman: The Brave and the Bold,2018,https://boxd.it/1qsHAz,3,,"w/ myself, @ home, sparrow",2020-10-27
2020-10-27,Hereditary,2018,https://boxd.it/1qx50t,4,Yes,"w/ myself, @ home, prime, spooktober",2020-10-27
2020-10-28,"Yes, God, Yes",2019,https://boxd.it/1qAAwL,3,,"w/ myself, @ home, netflix",2020-10-28
2020-10-28,Paddington,2014,https://boxd.it/1qBA8r,4,,"w/ myself, @ home, sparrow",2020-10-28
2020-10-28,The Prestige,2006,https://boxd.it/1qCvPH,3.5,,"w/ myself, @ home, sparrow",2020-10-28
2020-11-05,Parasite,2019,https://boxd.it/1rwQ1v,4.5,Yes,"film studies, journal entry, prime, @ school, foreign",2020-11-05
2020-11-05,Liar Liar,1997,https://boxd.it/1rxpZl,3.5,,"w/ myself, @ home, sparrow",2020-11-05
2020-11-08,The Double,2013,https://boxd.it/1rRXeX,4,,"w/ myself, @ home, sparrow",2020-11-08
2020-11-11,Inglourious Basterds,2009,https://boxd.it/1s712L,3.5,,"w/ myself, @ home, film studies, journal entry, sparrow",2020-11-11
2020-11-12,Easy A,2010,https://boxd.it/1scvaP,2.5,,"w/ myself, in car, netflix",2020-11-11
2020-11-12,Election,1999,https://boxd.it/1sd90F,4,,"w/ myself, in car, prime",2020-11-11
2020-11-12,The Village,2004,https://boxd.it/1se6mv,3,,"w/ myself, in car, prime",2020-11-11
2020-11-12,Ocean's Eleven,2001,https://boxd.it/1sc68p,4,,"w/ myself, @ home, netflix",2020-11-12
2020-11-12,Under the Silver Lake,2018,https://boxd.it/1sfcsh,3.5,,"w/ myself, in car, prime",2020-11-12
2020-11-12,Snowden,2016,https://boxd.it/1sff5v,3,,"w/ myself, in car, netflix",2020-11-12
2020-11-13,The Impossible,2012,https://boxd.it/1sl46z,2.5,,"w/ myself, in car, on vacation, netflix",2020-11-13
2020-11-16,Election,1999,https://boxd.it/1sBkEz,4,Yes,"w/ myself, in car, prime",2020-11-15
2020-11-16,His House,2020,https://boxd.it/1sBRMr,3.5,,"w/ myself, in car, netflix",2020-11-15
2020-11-16,The Happening,2008,https://boxd.it/1sCthr,1,,"w/ myself, in car, prime",2020-11-15
2020-11-16,The Host,2006,https://boxd.it/1sE3dH,3,,"w/ myself, in car, prime, foreign",2020-11-16
2020-11-18,Freaky Friday,2003,https://boxd.it/1sQZon,3.5,,"w/ myself, @ home, disney+",2020-11-18
2020-11-20,Freaky,2020,https://boxd.it/1sYTA9,3,,"w/ emi, @ theatre",2020-11-20
2020-11-20,#Alive,2020,https://boxd.it/1t0sjf,3.5,,"w/ myself, @ home, netflix, foreign",2020-11-20
2020-11-21,Ocean's Twelve,2004,https://boxd.it/1t6YNj,3.5,,"w/ myself, @ home, on vacation, netflix",2020-11-21
2020-11-22,Searching,2018,https://boxd.it/1td8Qf,4.5,Yes,"w/ myself, @ home, sparrow",2020-11-22
2020-11-22,Run,2020,https://boxd.it/1tgAIz,3.5,,"w/ myself, @ home, sparrow",2020-11-22
2020-11-23,Ocean's Eight,2018,https://boxd.it/1tjldn,3.5,,"w/dad, w/mom, @ home, prime",2020-11-23
2020-11-23,The New Mutants,2020,https://boxd.it/1tjK2p,2.5,,"w/ myself, @ home, sparrow",2020-11-23
2020-11-24,Ocean's Thirteen,2007,https://boxd.it/1ttZO9,4,,"w/ myself, @ home, netflix",2020-11-24
2020-11-24,Money Monster,2016,https://boxd.it/1tuvkZ,3.5,,"w/ myself, @ home, sparrow",2020-11-24
2020-11-25,This Is Where I Leave You,2014,https://boxd.it/1tx6Uf,3,,"w/ myself, @ home, sparrow",2020-11-25
2020-11-25,Horrible Bosses,2011,https://boxd.it/1tA6Qj,2.5,,"w/ myself, @ home, sparrow",2020-11-25
2020-12-02,The Bourne Identity,2002,https://boxd.it/1upefR,3,,"w/mom, w/dad, @ home, prime",2020-12-02
2020-12-03,The Bourne Supremacy,2004,https://boxd.it/1urZlh,3,,"w/ myself, @ home, sparrow",2020-12-03
2020-12-04,The House That Jack Built,2018,https://boxd.it/1uxV1T,3.5,Yes,"w/ myself, @ home, sparrow, director's cut",2020-12-04
2020-12-05,The Bourne Ultimatum,2007,https://boxd.it/1uI9nT,3,,"w/dad, w/mom, @ home, prime",2020-12-05
2020-12-07,The Bourne Legacy,2012,https://boxd.it/1uTqMD,3,,"w/mom, w/dad, @ home, prime",2020-12-07
2020-12-07,Frozen II,2019,https://boxd.it/1uTsCP,,,"w/ maris, @ home, disney+",2020-12-07
2020-12-07,Happiest Season,2020,https://boxd.it/1uUu6D,3.5,,"w/ myself, @ home, sparrow",2020-12-07
2020-12-08,Hell or High Water,2016,https://boxd.it/1v1SJN,3.5,,"w/ myself, @ home, sparrow",2020-12-08
2020-12-09,The Fast and the Furious,2001,https://boxd.it/1v9j1n,3.5,,"w/ myself, @ home, sparrow",2020-12-09
2020-12-10,Saving Christmas,2014,https://boxd.it/1veZFf,0.5,,"w/ myself, @ home, youtube",2020-12-10
2020-12-11,Elf,2003,https://boxd.it/1vkLGb,3.5,Yes,"w/ myself, @ home, sparrow",2020-12-11
2020-12-12,The Santa Clause,1994,https://boxd.it/1vq9Sl,2,Yes,"w/ myself, @ home, sparrow",2020-12-12
2020-12-12,The Polar Express,2004,https://boxd.it/1vqslF,3.5,Yes,"w/ myself, @ home, sparrow",2020-12-12
2020-12-15,Shithouse,2020,https://boxd.it/1vMqSV,4,,"w/ myself, @ home, sparrow",2020-12-15
2020-12-15,A Christmas Story,1983,https://boxd.it/1vQu1f,4,,"w/ myself, @ home, sparrow",2020-12-15
2020-12-16,Knives Out,2019,https://boxd.it/1vSIY5,4,Yes,"w/ myself, @ home, prime",2020-12-16
2020-12-16,Star Wars: Episode I - The Phantom Menace,1999,https://boxd.it/1vWxJ7,2.5,Yes,"w/ myself, @ home, disney+",2020-12-16
2020-12-18,Star Wars: Episode II - Attack of the Clones,2002,https://boxd.it/1w66D7,3,Yes,"w/ myself, @ home, disney+",2020-12-18
2020-12-19,Star Wars: Episode III - Revenge of the Sith,2005,https://boxd.it/1wbYiH,3.5,Yes,"w/ myself, @ home, disney+",2020-12-19
2020-12-19,Rogue One: A Star Wars Story,2016,https://boxd.it/1wgnOL,4,Yes,"w/ michael, @ michael's, disney+",2020-12-19
2020-12-23,Star Wars,1977,https://boxd.it/1wHg83,4,Yes,"w/ myself, @ home, disney+",2020-12-23
2020-12-23,The Empire Strikes Back,1980,https://boxd.it/1wMbVz,4,Yes,"w/ myself, @ home, disney+",2020-12-23
2020-12-25,National Lampoon's Christmas Vacation,1989,https://boxd.it/1x0hLX,3.5,,"w/ myself, @ home, sparrow",2020-12-25
2020-12-26,Return of the Jedi,1983,https://boxd.it/1xeoFv,4,Yes,"w/ myself, @ home, disney+",2020-12-26
2020-12-26,Home Alone,1990,https://boxd.it/1xepyP,4,Yes,"w/dad, w/mom, w/rigg, w/ maris, @ home, disney+",2020-12-26
2020-12-26,Home Alone 2: Lost in New York,1992,https://boxd.it/1xerEF,3.5,Yes,"w/ maris, @ home, disney+",2020-12-26
2020-12-27,Star Wars: The Force Awakens,2015,https://boxd.it/1xmJm1,3.5,Yes,"w/ myself, @ home, disney+",2020-12-27
2020-12-29,Star Wars: The Last Jedi,2017,https://boxd.it/1xIvaT,3.5,Yes,"w/ myself, @ home, disney+",2020-12-29
2020-12-29,Star Wars: The Rise of Skywalker,2019,https://boxd.it/1xJOJP,2.5,Yes,"w/ myself, @ home, disney+",2020-12-29
2020-12-30,Wonder Woman,2017,https://boxd.it/1xScLr,2,Yes,"w/ myself, @ home, sparrow",2020-12-30
2020-12-30,Wonder Woman 1984,2020,https://boxd.it/1xUw7F,2,,"w/ myself, @ home, sparrow",2020-12-30
2020-12-30,Soul,2020,https://boxd.it/1xXigp,3.5,,"w/ myself, @ home, disney+",2020-12-30
2020-12-31,We Can Be Heroes,2020,https://boxd.it/1y14gN,1.5,,"w/ myself, @ home, netflix",2020-12-31
2021-01-03,Whiplash,2014,https://boxd.it/1yGY0D,4.5,Yes,"w/dad, @ home, dvd",2021-01-03
2021-01-05,Greenland,2020,https://boxd.it/1z6BgZ,3,,"w/ myself, @ home, sparrow",2021-01-05
2021-01-06,30 Minutes or Less,2011,https://boxd.it/1zbW91,3,,"w/ myself, @ home, netflix",2021-01-06
2021-01-10,Catch Me If You Can,2002,https://boxd.it/1zQglh,4,Yes,"w/dad, w/mom, @ home, netflix",2021-01-10
2021-01-15,Hot Fuzz,2007,https://boxd.it/1ADbND,4,Yes,"w/dad, @ home, dvd, prime",2021-01-15
2021-01-23,Memento,2000,https://boxd.it/1BN66j,4,,"film studies, @ school, journal entry",2021-01-23
2021-01-24,The Godfather,1972,https://boxd.it/1BU7VV,4.5,,"w/dad, @ home, prime, journal entry, film studies",2021-01-24
2021-01-27,El Camino: A Breaking Bad Movie,2019,https://boxd.it/1Cp4bR,4,,"w/ myself, @ home, netflix",2021-01-27
2021-01-29,Godzilla,2014,https://boxd.it/1CGG3P,3.5,Yes,"w/ myself, @ home, sparrow",2021-01-29
2021-01-30,Apocalypse Now,1979,https://boxd.it/1CO0GV,3.5,,"@ michael's, w/ michael, w/ ryan, w/ john, dvd",2021-01-29
2021-01-31,Godzilla: King of the Monsters,2019,https://boxd.it/1CRRgH,2,Yes,"w/ myself, @ home, sparrow",2021-01-30
2021-02-01,The Naked Gun: From the Files of Police Squad!,1988,https://boxd.it/1D8wPZ,4,Yes,"w/ jack, w/ sarah, @jack's, netflix",2021-01-31
2021-02-01,Superbad,2007,https://boxd.it/1D8yRj,4,Yes,"w/ jack, @jack's, netflix",2021-01-31
2021-02-02,King Kong,2005,https://boxd.it/1DdpX3,3.5,Yes,"w/ myself, @ home, sparrow",2021-02-01
2021-02-02,Kong: Skull Island,2017,https://boxd.it/1Djd35,3,Yes,"w/ myself, @ home, sparrow",2021-02-01
2021-02-03,Furious 7,2015,https://boxd.it/1Dq4Dn,3,Yes,"w/ myself, @ home, sparrow",2021-02-02
2021-02-03,Date Night,2010,https://boxd.it/1DqRqR,2.5,,"w/ myself, @ home, hulu",2021-02-02
2021-02-04,American Animals,2018,https://boxd.it/1DtDxZ,4,,"w/ myself, @ home, prime",2021-02-03
2021-02-05,The Fate of the Furious,2017,https://boxd.it/1DCfcB,3,Yes,"w/ myself, @ home, sparrow",2021-02-04
2021-02-05,Bee Movie,2007,https://boxd.it/1DGJYN,2,,"w/ myself, @ home, netflix",2021-02-04
2021-02-08,Promising Young Woman,2020,https://boxd.it/1E9TjN,3,,"w/ myself, @ home, sparrow",2021-02-07
2021-02-09,Kajillionaire,2020,https://boxd.it/1Eio1V,3,,"w/ myself, @ home, sparrow",2021-02-08
2021-02-11,Going in Style,2017,https://boxd.it/1EwWDd,3,,"w/ myself, @ home, sparrow",2021-02-10
2021-02-14,Inside Man,2006,https://boxd.it/1EQpqZ,3.5,,"w/ myself, @ home, peacock",2021-02-14
2021-02-14,Coherence,2013,https://boxd.it/1EY3ph,4,,"w/ myself, @ home, hulu",2021-02-14
2021-02-16,War Dogs,2016,https://boxd.it/1FcVDl,3.5,,"w/ myself, @ home, netflix",2021-02-15
2021-02-16,Bottle Rocket,1996,https://boxd.it/1Fe0ub,3.5,,"w/ myself, @ home, sparrow",2021-02-15
2021-02-17,Fantastic Mr. Fox,2009,https://boxd.it/1FlOOp,4,Yes,"w/ myself, @ home, disney+",2021-02-16
2021-02-17,Straight Up,2019,https://boxd.it/1FnGGB,4.5,,"w/ myself, @ home, netflix",2021-02-16
2021-02-18,The Croods: A New Age,2020,https://boxd.it/1FurAH,3,,"w/ myself, @ home, sparrow",2021-02-17
2021-02-18,The Prom,2020,https://boxd.it/1FvfbR,2.5,,"w/ myself, @ home, netflix",2021-02-17
2021-02-22,Nomadland,2020,https://boxd.it/1GcyWD,4,,"w/ myself, @ home, hulu",2021-02-21
2021-02-23,One Night in Miami...,2020,https://boxd.it/1Gfvbl,3,,"w/ myself, @ home, prime",2021-02-22
2021-02-24,The Trial of the Chicago 7,2020,https://boxd.it/1GmV2N,3.5,,"w/ myself, @ home, netflix",2021-02-23
2021-02-24,No Country for Old Men,2007,https://boxd.it/1GsopL,4,,"w/dad, @ home, netflix",2021-02-23
2021-02-25,Mank,2020,https://boxd.it/1Gumhz,3,,"w/ myself, @ home, netflix",2021-02-24
2021-02-25,I Care a Lot,2020,https://boxd.it/1Gvmzv,3.5,,"w/ myself, @ home, netflix",2021-02-24
2021-02-26,Call Me by Your Name,2017,https://boxd.it/1GHliH,3.5,,"w/ myself, @ home, sparrow",2021-02-26
2021-03-04,Minutes,2017,https://boxd.it/1HpFib,3,,"w/ myself, @ home, prime",2021-03-02
2021-03-04,Gone Girl,2014,https://boxd.it/1HrtbB,3.5,,"w/ myself, @ home, hulu",2021-03-03
2021-03-05,Speed Racer,2008,https://boxd.it/1HAmAx,4,,"w/ myself, @ home, sparrow",2021-03-04
2021-03-08,Memories of Murder,2003,https://boxd.it/1I4Cw7,4,,"w/ myself, @ home, prime, foreign",2021-03-07
2021-03-09,Zodiac,2007,https://boxd.it/1I7SVj,5,Yes,"w/ myself, @ home, prime",2021-03-08
2021-03-09,The World's End,2013,https://boxd.it/1IcxeD,4,Yes,"w/dad, @ home, dvd",2021-03-08
2021-03-10,The Social Network,2010,https://boxd.it/1IeKxd,4,Yes,"w/ myself, @ home, netflix",2021-03-08
2021-03-10,There Will Be Blood,2007,https://boxd.it/1Igsst,4,,"w/ myself, @ home, netflix",2021-03-09
2021-03-11,A Clockwork Orange,1971,https://boxd.it/1ImFWX,3.5,,"w/ myself, @ home, netflix",2021-03-10
2021-03-12,2001: A Space Odyssey,1968,https://boxd.it/1IwJJ9,4,,"w/ myself, @ home, prime",2021-03-11
2021-03-18,Man of Steel,2013,https://boxd.it/1JmwYJ,3.5,Yes,"w/ myself, @ home, sparrow",2021-03-17
2021-03-19,Batman v Superman: Dawn of Justice,2016,https://boxd.it/1JrX49,3,Yes,"w/ myself, @ home, @ school, sparrow, director's cut",2021-03-18
2021-03-20,Hunt for the Wilderpeople,2016,https://boxd.it/1JCvHp,4,Yes,"w/dad, @ home, netflix",2021-03-19
2021-03-21,Zack Snyder's Justice League,2021,https://boxd.it/1JGbWn,3,,"w/ myself, @ home, @ school, sparrow, director's cut",2021-03-20
2021-03-21,Raya and the Last Dragon,2021,https://boxd.it/1JHU01,2,,"w/ myself, @ home, sparrow",2021-03-20
2021-03-22,The Emperor's New Groove,2000,https://boxd.it/1JRmH1,3.5,,"w/ myself, @ home, disney+",2021-03-21
2021-03-23,"Crazy, Stupid, Love.",2011,https://boxd.it/1K0wLl,3.5,,"w/ myself, @ home, netflix",2021-03-22
2021-03-24,Cherry,2021,https://boxd.it/1K7YWl,3,,"w/ myself, @ home, sparrow",2021-03-23
2021-03-29,Bad Trip,2021,https://boxd.it/1KOoxv,3,,"w/ myself, @ home, netflix",2021-03-28
2021-03-30,The Cat in the Hat,2003,https://boxd.it/1L1hqD,,,"w/ myself, @ home, sparrow",2021-03-29
2021-04-01,The Father,2020,https://boxd.it/1LcQjz,4,,"w/ myself, @ home, sparrow",2021-03-30
2021-04-03,Cool Cat Saves the Kids,2015,https://boxd.it/1LwfiJ,,,"w/nick, sparrow, w/thomas, bff, w/ julian, @ cabin, w/miles",2021-04-02
2021-04-03,Godzilla vs. Kong,2021,https://boxd.it/1LzR4L,2,,"w/ wesley, @ theatre, bff, w/ ryan",2021-04-02
2021-04-04,Paths of Glory,1957,https://boxd.it/1LDosH,4,,"w/ myself, @ home, sparrow, bff",2021-04-03
2021-04-06,Chaos Walking,2021,https://boxd.it/1LZOzD,2,,"w/ myself, @ home, sparrow",2021-04-05
2021-04-06,Horton Hears a Who!,2008,https://boxd.it/1M4VNH,2,,"w/ myself, @ home, disney+",2021-04-05
2021-04-08,"Synecdoche, New York",2008,https://boxd.it/1Mh3ux,,,"w/ myself, @ home, sparrow",2021-04-07
2021-04-09,End of Watch,2012,https://boxd.it/1MsLbL,3.5,Yes,"w/ myself, @ home, sparrow",2021-04-08
2021-04-10,Event Horizon,1997,https://boxd.it/1MwyDP,3,,"w/ myself, @ home, sparrow",2021-04-09
2021-04-12,Thunder Force,2021,https://boxd.it/1MQgzP,2,,"w/ myself, @ home, netflix",2021-04-11
2021-04-13,Iron Man,2008,https://boxd.it/1N8Gop,4,Yes,"w/ myself, @ home, @ school, disney+",2021-04-13
2021-04-14,Iron Man 2,2010,https://boxd.it/1Nbd7v,3.5,Yes,"w/ myself, @ school, disney+",2021-04-13
2021-04-17,Captain America: The First Avenger,2011,https://boxd.it/1NwJwz,4,Yes,"w/ myself, @ home, @ school, disney+",2021-04-15
2021-04-19,The Avengers,2012,https://boxd.it/1NQDNT,3.5,Yes,"w/ myself, @ home, @ school, disney+",2021-04-16
2021-04-19,Nobody,2021,https://boxd.it/1NRECf,3.5,,"w/ myself, @ home, sparrow",2021-04-18
2021-04-20,Iron Man 3,2013,https://boxd.it/1O16FJ,3.5,Yes,"w/ myself, @ home, disney+",2021-04-19
2021-04-21,Captain America: The Winter Soldier,2014,https://boxd.it/1O8U0v,4,Yes,"w/ myself, @ home, disney+",2021-04-20
2021-04-21,Ant-Man,2015,https://boxd.it/1O9JL3,4,Yes,"w/ myself, @ home, disney+",2021-04-20
2021-04-22,Avengers: Age of Ultron,2015,https://boxd.it/1Oi5RD,3,Yes,"w/ myself, @ home, disney+",2021-04-21
2021-04-24,Captain America: Civil War,2016,https://boxd.it/1OxngP,4,Yes,"w/ myself, @ school, disney+",2021-04-23
2021-04-25,Mortal Kombat,2021,https://boxd.it/1OGGIV,2,,"w/ myself, @ home, sparrow",2021-04-24
2021-04-26,Stowaway,2021,https://boxd.it/1OTfzX,2,,"w/ myself, @ home, netflix",2021-04-25
2021-04-28,School of Rock,2003,https://boxd.it/1Padjn,3.5,,"w/ myself, @ home, sparrow",2021-04-27
2021-04-29,Black Panther,2018,https://boxd.it/1Pjae3,3.5,Yes,"w/ myself, @ home, disney+",2021-04-28
2021-04-29,John Wick: Chapter 2,2017,https://boxd.it/1Pjcad,3.5,,"w/ myself, @ home, sparrow",2021-04-28
2021-05-02,John Wick: Chapter 3 - Parabellum,2019,https://boxd.it/1PHrOF,3,,"w/ myself, @ home, sparrow",2021-05-01
2021-05-02,The Mitchells vs. The Machines,2021,https://boxd.it/1PKk3D,3,,"w/ myself, @ home, netflix",2021-05-01
2021-05-04,The Art of Self-Defense,2019,https://boxd.it/1Q0Qsd,3.5,,"w/ myself, @ home, hulu",2021-05-03
2021-05-05,Moonrise Kingdom,2012,https://boxd.it/1Q9IeF,3.5,,"w/ myself, @ home, prime",2021-05-04
2021-05-06,The Conjuring,2013,https://boxd.it/1QieBd,3.5,,"w/ myself, @ home, netflix",2021-05-05
2021-05-07,The Conjuring 2,2016,https://boxd.it/1Qr63Z,3,,"w/ myself, @ school, @ home, netflix",2021-05-06
2021-05-08,Sorry to Bother You,2018,https://boxd.it/1Qwh1Z,3.5,,"w/ myself, @ school, hulu",2021-05-07
2021-05-08,Insidious,2010,https://boxd.it/1QxOJH,2,,"w/ myself, @ home, @ school, netflix",2021-05-07
2021-05-14,Ingrid Goes West,2017,https://boxd.it/1RjqDh,3.5,,"w/ myself, @ school, hulu",2021-05-13
2021-05-14,Logan Lucky,2017,https://boxd.it/1RmlEF,3.5,,"w/ myself, @ home, @ school, hulu",2021-05-13
2021-05-15,Guardians of the Galaxy,2014,https://boxd.it/1RwRf3,4,Yes,"w/ myself, @ home, @ school, disney+",2021-05-15
2021-05-23,Army of the Dead,2021,https://boxd.it/1SuVKT,2,,"w/ myself, @ home, netflix",2021-05-22
2021-05-28,God's Not Dead,2014,https://boxd.it/1T9KQX,1.5,,"w/ myself, @ home, hbomax",2021-05-27
2021-05-29,Tenet,2020,https://boxd.it/1Thmu5,3.5,Yes,"w/ myself, @ home, @ school, hbomax",2021-05-28
2021-06-01,Bo Burnham: Inside,2021,https://boxd.it/1TIXUD,4.5,,"w/ myself, @ home, netflix",2021-05-31
2021-06-09,The Conjuring: The Devil Made Me Do It,2021,https://boxd.it/1UQtLB,3,,"w/ myself, @ home, hbomax",2021-06-08
2021-06-10,Matilda,1996,https://boxd.it/1UZvJ1,3,,"w/ meredith, w/ julian, w/ mazzie, @ mazzie's, tv",2021-06-09
2021-06-10,The Incredibles,2004,https://boxd.it/1UZwj9,5,Yes,"w/ meredith, w/ julian, w/ mazzie, @ mazzie's, disney+",2021-06-09
2021-06-16,Bo Burnham: Inside,2021,https://boxd.it/1VKYIl,4,Yes,"w/ myself, @ home, netflix",2021-06-15
2021-06-25,Nobody,2021,https://boxd.it/1WTzxz,3,Yes,"w/dad, @ home, prime",2021-06-24
2021-06-27,Bruce Almighty,2003,https://boxd.it/1X3p0F,2.5,,"w/ myself, in car, peacock, on vacation",2021-06-26
2021-06-27,Bo Burnham: Inside,2021,https://boxd.it/1X3ZTh,4.5,Yes,"w/ myself, in car, netflix",2021-06-26
2021-06-30,Due Date,2010,https://boxd.it/1Xuq6t,2.5,Yes,"w/rigg, w/ jack, w/ kyle, on vacation, netflix",2021-06-28
2021-06-30,Neighbors,2014,https://boxd.it/1XuqG7,1.5,,"w/rigg, w/ jack, w/ kyle, peacock, on vacation",2021-06-29
2021-06-30,Dumb and Dumber To,2014,https://boxd.it/1XyKaX,0.5,,"w/rigg, w/ kyle, w/ jack, on vacation, peacock",2021-06-30
2021-07-02,Kingsman: The Secret Service,2014,https://boxd.it/1XJqHJ,4,Yes,"w/dad, on vacation, prime",2021-06-30
2021-07-02,Bo Burnham: Inside,2021,https://boxd.it/1XLZyV,5,Yes,"w/ myself, on vacation, netflix",2021-07-01
2021-07-03,Night at the Museum: Battle of the Smithsonian,2009,https://boxd.it/1XQsJr,2,,"w/ maris, w/ kyle, w/ jack, w/rigg, on vacation, disney+",2021-07-01
2021-07-07,F9,2021,https://boxd.it/1YwAzN,2.5,,,2021-07-06
2021-07-08,Election,1999,https://boxd.it/1YE73z,4.5,Yes,"w/ meredith, @ home, netflix",2021-07-07
2021-07-08,Whiplash,2014,https://boxd.it/1YEGT1,5,Yes,"w/ meredith, @ home, dvd",2021-07-07
2021-07-09,Luca,2021,https://boxd.it/1YPSRj,3.5,,"w/ myself, @ home, disney+",2021-07-09
2021-07-10,"Hail, Caesar!",2016,https://boxd.it/1YSM3t,3.5,,"w/ myself, w/ kyle, w/rigg, w/ jack, on vacation, @ home, netflix",2021-07-09
2021-07-11,The Big Lebowski,1998,https://boxd.it/1Z47Zv,4,,"w/ myself, in car, @ home, netflix",2021-07-10
2021-07-12,The Tomorrow War,2021,https://boxd.it/1ZkfOR,2,,"w/ myself, @ home, prime",2021-07-12
2021-07-15,Black Widow,2021,https://boxd.it/1ZGEz7,3,,"w/dad, @ theatre",2021-07-12
2021-07-15,The Men Who Stare at Goats,2009,https://boxd.it/1ZIJlt,3.5,,"w/ meredith, @ mazzie's, prime",2021-07-14
2021-07-17,Burn After Reading,2008,https://boxd.it/1ZVOnb,3.5,,"w/ meredith, @ mazzie's, prime",2021-07-15
2021-07-22,Captain Underpants: The First Epic Movie,2017,https://boxd.it/20L5yx,2.5,,"@ cabin, w/ julian, w/thomas, w/wang, w/nick, w/kyle, w/lucas, w/miles, w/oskar, sparrow",2021-07-21
2021-07-27,Space Jam: A New Legacy,2021,https://boxd.it/21v5vP,1.5,,"w/ myself, @ home, hbomax",2021-07-26
2021-07-28,"O Brother, Where Art Thou?",2000,https://boxd.it/21BFLV,3.5,,"w/ myself, @ home, youtube",2021-07-26
2021-07-29,Children of Men,2006,https://boxd.it/21L5eB,4.5,,"w/ myself, @ home, peacock",2021-07-27
2021-07-29,Birdman or (The Unexpected Virtue of Ignorance),2014,https://boxd.it/21LVJB,4,,"w/ myself, @ home, prime",2021-07-28
2021-07-30,Cruella,2021,https://boxd.it/21UMSx,3.5,,"w/ maris, @ theatre",2021-07-29
2021-07-30,The Lego Batman Movie,2017,https://boxd.it/21VG1T,3.5,,"w/ myself, @ home, hbomax",2021-07-30
2021-08-01,Monsters University,2013,https://boxd.it/22aDRn,4,,"w/ julian, @ mazzie's, disney+",2021-07-31
2021-08-01,Avengers: Infinity War,2018,https://boxd.it/22gBUh,4,Yes,"w/dad, w/ maris, @ home, disney+",2021-08-01
2021-08-01,Avengers: Endgame,2019,https://boxd.it/22gEMl,4,Yes,"w/dad, w/ maris, @ home, disney+",2021-08-01
2021-08-01,Gunpowder Milkshake,2021,https://boxd.it/22gOsP,2.5,,"w/ meredith, w/ myself, @ home, netflix",2021-08-01
2021-08-03,Baby Driver,2017,https://boxd.it/22zjTD,5,Yes,"w/ meredith, @ home, dvd",2021-08-02
2021-08-06,The Matrix,1999,https://boxd.it/22UaF5,4,Yes,"w/ myself, @ home, hbomax",2021-08-05
2021-08-08,The Suicide Squad,2021,https://boxd.it/23fFN7,3.5,,"w/dad, @ home, hbomax",2021-08-07
2021-08-13,WALL·E,2008,https://boxd.it/23ZC9P,4,Yes,"w/ meredith, w/ mazzie, w/ julian, @ mazzie's, disney+",2021-08-12
2021-08-13,Megamind,2010,https://boxd.it/240sfF,4,Yes,"w/ mazzie, w/ julian, w/ meredith, @ mazzie's, peacock",2021-08-12
2021-08-13,Over the Hedge,2006,https://boxd.it/242fH1,3,,"w/ meredith, w/ axel, @ mazzie's, hbomax",2021-08-12
2021-08-15,Looper,2012,https://boxd.it/24fy57,3.5,Yes,"w/ myself, @ home, netflix",2021-08-14
2021-08-16,What We Do in the Shadows,2014,https://boxd.it/24oIEp,3.5,Yes,"w/dad, @ home, prime",2021-08-15
2021-08-18,The Hangover,2009,https://boxd.it/24MpeF,3,Yes,"w/rigg, w/dad, @ home, hbomax",2021-08-17
2021-08-19,The Lego Movie,2014,https://boxd.it/24PqJ1,4,Yes,"w/ meredith, @ home, prime",2021-08-17
2021-08-20,Alien,1979,https://boxd.it/24ZUyd,4,,"w/dad, @ home, prime",2021-08-19
2021-08-20,Monsters vs Aliens,2009,https://boxd.it/2515GJ,3.5,Yes,"w/ meredith, @ meredith's, netflix",2021-08-19
2021-08-26,Sweet Girl,2021,https://boxd.it/25QhtJ,1.5,,"w/ myself, netflix, @ mu",2021-08-25
2021-08-28,Hugo,2011,https://boxd.it/266ywR,3.5,,"@ theatre, @ mu, film studies",2021-08-26
2021-08-29,Prisoners,2013,https://boxd.it/26gPi3,5,Yes,"w/ myself, @ mu, hulu",2021-08-28
2021-09-03,"Sherlock, Jr.",1924,https://boxd.it/26Z0hN,3.5,,"@ theatre, film studies, @ mu",2021-09-02
2021-09-04,Free Guy,2021,https://boxd.it/27617j,3,,"w/ myself, @ mu, sparrow",2021-09-03
2021-09-05,Tomorrowland,2015,https://boxd.it/27c7q9,3,Yes,"w/ myself, @ mu, disney+",2021-09-04
2021-09-05,Lars and the Real Girl,2007,https://boxd.it/27cvSr,3.5,,"w/ myself, @ mu, hbomax",2021-09-04
2021-09-06,Candyman,2021,https://boxd.it/27mWmR,3.5,,"w/ meredith, @ theatre",2021-09-05
2021-09-09,Identity Thief,2013,https://boxd.it/27TnFv,1.5,,"w/ myself, @ mu, hbomax",2021-09-07
2021-09-09,The General,1926,https://boxd.it/27Tpfz,4,,"w/ myself, @ mu, youtube",2021-09-08
2021-09-18,The Usual Suspects,1995,https://boxd.it/292lH7,3.5,Yes,"@ theatre, @ mu, film studies",2021-09-09
2021-09-14,Malignant,2021,https://boxd.it/28wHQ7,3.5,,"w/ myself, @ mu, hbomax, cinemablography",2021-09-13
2021-09-18,The Searchers,1956,https://boxd.it/292hEN,3,,"@ theatre, @ mu, film studies",2021-09-16
2021-09-28,Psycho,1960,https://boxd.it/2aorCl,4,,"film studies, @ theatre, @ mu",2021-09-23
2021-09-25,The Guilty,2018,https://boxd.it/29Z4Ur,4,,"w/dad, @ home, hulu, cinemablography",2021-09-24
2021-09-27,Shang-Chi and the Legend of the Ten Rings,2021,https://boxd.it/2agZvH,3.5,,"w/dad, @ theatre",2021-09-25
2021-09-28,Pig,2021,https://boxd.it/2anZKB,3.5,,"w/ myself, @ mu, cinemablography, sparrow",2021-09-27
2021-10-01,The Cabinet of Dr. Caligari,1920,https://boxd.it/2aM5wj,4,,"@ theatre, @ mu, film studies",2021-09-30
2021-10-02,The Guilty,2021,https://boxd.it/2aS4QJ,3,,"w/ myself, @ mu, netflix, cinemablography",2021-10-01
2021-10-08,Do the Right Thing,1989,https://boxd.it/2bPM7r,4,,"@ theatre, @ mu, film studies",2021-10-07
2021-10-15,In the Mood for Love,2000,https://boxd.it/2cY8uR,4,,"@ theatre, film studies, @ mu",2021-10-14
2021-10-18,BlacKkKlansman,2018,https://boxd.it/2dnEbd,4.5,,"w/dad, @ home, prime",2021-10-17
2021-10-18,Zodiac,2007,https://boxd.it/2dsAYZ,4,Yes,"w/ meredith, @ home, prime",2021-10-17
2021-10-20,Burn After Reading,2008,https://boxd.it/2dHf4r,4,Yes,"w/dad, @ home, prime",2021-10-17
2021-10-19,Casino Royale,2006,https://boxd.it/2dwPNv,3.5,Yes,"w/ myself, @ home, @ mu, sparrow, prime",2021-10-18
2021-10-20,Spider-Man: Homecoming,2017,https://boxd.it/2dILT9,4,Yes,"w/ maris, @ home, netflix, sparrow",2021-10-19
2021-10-20,Harry Potter and the Philosopher's Stone,2001,https://boxd.it/2dJHLx,3.5,Yes,"w/dad, w/ maris, @ home, peacock",2021-10-19
2021-10-21,Harry Potter and the Chamber of Secrets,2002,https://boxd.it/2dNAwD,3,Yes,"w/ maris, @ home, peacock",2021-10-20
2021-10-21,Harry Potter and the Prisoner of Azkaban,2004,https://boxd.it/2dOMxP,3.5,Yes,"w/ maris, @ home, peacock",2021-10-20
2021-10-21,Creep,2014,https://boxd.it/2dRjM3,4,Yes,"w/ meredith, @upg, netflix",2021-10-20
2021-10-22,Quantum of Solace,2008,https://boxd.it/2dWjDv,3,Yes,"w/ myself, @ home, prime",2021-10-21
2021-10-22,Skyfall,2012,https://boxd.it/2dXMbx,4.5,Yes,"w/ myself, @ home, hulu",2021-10-21
2021-10-22,Spectre,2015,https://boxd.it/2e0VsX,2.5,Yes,"w/dad, w/mom, @ home, prime",2021-10-21
2021-10-24,Dune,2021,https://boxd.it/2ee0B7,3,,"w/dad, @ home, hbomax",2021-10-22
2021-10-25,No Time to Die,2021,https://boxd.it/2eyMmf,3.5,,"w/ will, @ theatre, cinemablography, w/ john, w/ zayd, w/ ben",2021-10-23
2021-10-27,Harry Potter and the Goblet of Fire,2005,https://boxd.it/2ePqSn,3,Yes,"w/ myself, @ mu, hbomax",2021-10-26
2021-10-29,Harry Potter and the Order of the Phoenix,2007,https://boxd.it/2f2KkV,3.5,Yes,"w/ myself, @ mu, hbomax",2021-10-28
2021-11-01,Halloween,1978,https://boxd.it/2fA6V1,4,,"w/ myself, @ mu, sparrow",2021-10-31
2021-11-01,Halloween,2018,https://boxd.it/2fBM09,3.5,,"w/ myself, @ home, sparrow",2021-10-31
2021-11-01,Halloween Kills,2021,https://boxd.it/2fDoNZ,1,,"w/ myself, @ mu, peacock",2021-10-31
2021-11-03,Harry Potter and the Half-Blood Prince,2009,https://boxd.it/2g05gD,4,Yes,"w/ myself, @ mu, hbomax",2021-11-02
2021-11-03,The Conversation,1974,https://boxd.it/2g2o83,4.5,,"w/ myself, @ mu",2021-11-02
2021-11-05,Citizen Kane,1941,https://boxd.it/2ghdsr,4,,"@ mu, @ theatre, film studies",2021-11-04
2021-11-06,Harry Potter and the Deathly Hallows: Part 1,2010,https://boxd.it/2goyh9,3,Yes,"w/ myself, @ mu, hbomax",2021-11-05
2021-11-07,The French Dispatch,2021,https://boxd.it/2gyHnb,3.5,,"w/ meredith, @ theatre",2021-11-06
2021-11-08,Harry Potter and the Deathly Hallows: Part 2,2011,https://boxd.it/2gKIjX,3.5,Yes,"w/ myself, @ mu, hbomax",2021-11-07
2021-11-11,Fantastic Beasts and Where to Find Them,2016,https://boxd.it/2hacFT,3,Yes,"w/ myself, @ mu, sparrow",2021-11-10
2021-11-11,Fantastic Beasts: The Crimes of Grindelwald,2018,https://boxd.it/2heiiJ,3,,"w/ myself, @ mu, bff, sparrow",2021-11-11
2021-11-11,Clifford the Big Red Dog,2021,https://boxd.it/2heWhV,2,,"w/ myself, @ mu, bff, paramount+",2021-11-11
2021-11-13,The Thin Blue Line,1988,https://boxd.it/2hqDaZ,3.5,,"@ mu, @ theatre, film studies",2021-11-11
2021-11-13,Raiders of the Lost Ark,1981,https://boxd.it/2hsxiR,4.5,Yes,"w/ myself, @ mu, paramount+",2021-11-12
2021-11-13,Indiana Jones and the Temple of Doom,1984,https://boxd.it/2hxyVF,3.5,Yes,"w/ myself, @ mu, paramount+, bff",2021-11-12
2021-11-14,Indiana Jones and the Last Crusade,1989,https://boxd.it/2hKzLx,4.5,Yes,"w/ myself, @ mu, paramount+, bff",2021-11-14
2021-11-15,Indiana Jones and the Kingdom of the Crystal Skull,2008,https://boxd.it/2hUcw5,3,Yes,"w/ myself, @ mu, paramount+, bff",2021-11-14
2021-11-16,Falling Down,1993,https://boxd.it/2i5JwJ,3,,"w/ myself, @ home, sparrow",2021-11-16
2021-11-19,Midnight in Paris,2011,https://boxd.it/2itAzR,4,,"@ theatre, @ mu, film studies",2021-11-18
2021-11-20,Love & Other Drugs,2010,https://boxd.it/2ixKHT,3,,"w/ myself, @ mu, sparrow, bff",2021-11-18
2021-11-24,The Revenant,2015,https://boxd.it/2jaPVJ,4.5,,"w/dad, @ home, prime",2021-11-22
2021-11-27,It Follows,2014,https://boxd.it/2jGckt,4,,"w/ meredith, @ home, netflix",2021-11-26
2021-11-27,Red Notice,2021,https://boxd.it/2jHvIr,2.5,,"w/ meredith, @ home, netflix",2021-11-27
2021-11-29,Eternals,2021,https://boxd.it/2k2mNz,3,,"w/dad, @ theatre",2021-11-27
2021-11-30,Avengers: Endgame,2019,https://boxd.it/2k9JLb,4,Yes,"w/dad, w/ maris, w/ myself, @ home, @ mu",2021-11-29
2021-11-30,Psych 3: This Is Gus,2021,https://boxd.it/2kblup,3.5,,"w/ myself, @ school, peacock",2021-11-29
2021-12-01,Venom: Let There Be Carnage,2021,https://boxd.it/2kjJGl,3,,"w/ myself, @ mu, sparrow",2021-11-30
2021-12-02,Carnage,2011,https://boxd.it/2korGH,4,,"w/ myself, @ mu, sparrow",2021-12-01
2021-12-02,Last Night in Soho,2021,https://boxd.it/2krSUd,4,,"w/ myself, @ mu, sparrow",2021-12-01
2021-12-03,The Wolf of Snow Hollow,2020,https://boxd.it/2kxfWh,3,,"w/ myself, @ mu, sparrow",2021-12-02
2021-12-04,The Poughkeepsie Tapes,2007,https://boxd.it/2kDtsd,3,,"w/ myself, @ mu, paramount+",2021-12-03
2021-12-05,Spirited Away,2001,https://boxd.it/2kNXXF,4,,"w/ myself, @ mu, hbomax, film studies",2021-12-04
2021-12-06,Nathan for You: Finding Frances,2017,https://boxd.it/2l2h73,4,,"w/ myself, @ mu, hbomax",2021-12-05
2021-12-06,American Beauty,1999,https://boxd.it/2l61jZ,4,,"w/ myself, @ mu, sparrow",2021-12-06
2021-12-09,The Adventures of Tintin,2011,https://boxd.it/2lqCvj,4,,"w/ myself, @ home, sparrow",2021-12-08
2021-12-10,The Blair Witch Project,1999,https://boxd.it/2lxC1H,3.5,,"w/ myself, @ mu, prime",2021-12-09
2021-12-12,The Polar Express,2004,https://boxd.it/2lOyZn,3.5,Yes,"w/ myself, @ mu, hbomax, bff",2021-12-11
2021-12-12,Spider-Man,1977,https://boxd.it/2lOKDt,2,,"w/ myself, @ mu, youtube",2021-12-11
2021-12-12,Spider-Man Strikes Back,1978,https://boxd.it/2lPI5r,2,,"@ mu, youtube, w/ myself",2021-12-11
2021-12-12,Spider-Man: The Dragon's Challenge,1979,https://boxd.it/2lQX67,2,,"w/ myself, @ mu, youtube",2021-12-11
2021-12-12,Superhero Movie,2008,https://boxd.it/2lS9U1,2,,"w/ myself, @ mu, youtube",2021-12-11
2021-12-12,Venom,2018,https://boxd.it/2lUos1,2.5,Yes,"w/ myself, @ mu, sparrow",2021-12-11
2021-12-12,Spider-Man,2002,https://boxd.it/2lVYEz,4,Yes,"w/ myself, @ mu, sparrow",2021-12-11
2021-12-12,Tower Heist,2011,https://boxd.it/2lXh01,2.5,,"w/ myself, @ mu, peacock",2021-12-12
2021-12-13,Spider-Man 2,2004,https://boxd.it/2m0ZUt,4,Yes,"w/ myself, @ mu, peacock",2021-12-12
2021-12-13,Spider-Man 3,2007,https://boxd.it/2m3Pet,3,Yes,"w/ myself, @ mu, peacock",2021-12-12
2021-12-13,The Amazing Spider-Man,2012,https://boxd.it/2m7wlD,2.5,Yes,"w/ myself, @ mu, sparrow",2021-12-12
2021-12-14,The Amazing Spider-Man 2,2014,https://boxd.it/2mbbGt,2.5,Yes,"w/ myself, @ mu, sparrow",2021-12-13
2021-12-16,One Hour Photo,2002,https://boxd.it/2mtf7X,4,,"w/ myself, @ mu, hbomax",2021-12-15
2021-12-16,The Humans,2021,https://boxd.it/2myScx,3.5,,"w/ myself, @ mu, showtime",2021-12-16
2021-12-18,Spider-Man: No Way Home,2021,https://boxd.it/2mRJOP,4,,"w/dad, @ theatre",2021-12-17
2021-12-21,My Scientology Movie,2015,https://boxd.it/2ntFZb,3,,"w/ myself, @ home, youtube",2021-12-20
2021-12-22,Contact,1997,https://boxd.it/2nzS6l,3.5,,"w/ myself, @ home, hbomax",2021-12-21
2021-12-22,The Change-Up,2011,https://boxd.it/2nCvtR,1,,"w/ myself, @ home, peacock",2021-12-21
2021-12-23,Tropic Thunder,2008,https://boxd.it/2nNPNT,3,Yes,,2021-12-22
2021-12-24,Collateral,2004,https://boxd.it/2o6foB,3.5,,"w/dad, w/ myself, @ home, hbomax",2021-12-23
2021-12-25,Don't Look Up,2021,https://boxd.it/2obM0d,2.5,,"w/ myself, @ home, netflix",2021-12-24
2021-12-25,"As Above, So Below",2014,https://boxd.it/2oemQj,3,Yes,"w/ myself, @ home, tubi",2021-12-24
2021-12-26,The Matrix Reloaded,2003,https://boxd.it/2oqRdB,3.5,,"w/ myself, @ home, hbomax",2021-12-24
2021-12-26,Spider-Man: Into the Spider-Verse,2018,https://boxd.it/2osVFj,5,Yes,"w/ myself, @ home, sparrow, netflix",2021-12-25
2021-12-26,Spider-Man: Far From Home,2019,https://boxd.it/2oApnt,3.5,Yes,"w/ myself, @ home, prime",2021-12-25
2021-12-27,Home Sweet Home Alone,2021,https://boxd.it/2oJeNt,2,,"w/ myself, @ home, disney+",2021-12-25
2021-12-27,Home Alone,1990,https://boxd.it/2oLyCp,5,Yes,"w/ myself, @ home, disney+",2021-12-25
2021-12-30,Madagascar 3: Europe's Most Wanted,2012,https://boxd.it/2pyxu3,2,Yes,"w/ meredith, w/ mazzie, w/ julian, w/ myself, @ home, @ mazzie's, netflix, bff",2021-12-29
2022-01-08,The Master,2012,https://boxd.it/2rWc6l,4,,"w/dad, @ home, netflix",2022-01-04
2022-01-08,Bo Burnham: Inside,2021,https://boxd.it/2rWdNb,5,Yes,"w/ myself, @ home, in car, netflix",2022-01-06
2022-01-11,Sing 2,2021,https://boxd.it/2sW73b,2,,"w/ myself, @ mu, sparrow",2022-01-10
2022-01-12,Chronicle,2012,https://boxd.it/2t1Znz,3.5,,"w/ myself, @ mu, youtube",2022-01-11
2022-01-12,Super Size Me 2: Holy Chicken!,2017,https://boxd.it/2t7TRZ,4,,"w/ myself, @ mu, youtube",2022-01-11
2022-01-13,Deepwater Horizon,2016,https://boxd.it/2tiS3r,3,,"w/ myself, @ mu, sparrow",2022-01-12
2022-01-13,10 Cloverfield Lane,2016,https://boxd.it/2tmM9B,3.5,Yes,"w/ myself, @ mu, youtube",2022-01-12
2022-01-13,Jackass Number Two,2006,https://boxd.it/2tqoLT,2.5,,"w/ myself, @ mu, sparrow",2022-01-12
2022-01-14,The Matrix Revolutions,2003,https://boxd.it/2tyqFJ,3,,"w/ myself, @ mu, hbomax",2022-01-13
2022-01-14,The Matrix Resurrections,2021,https://boxd.it/2tEkyz,3,,"w/ myself, @ mu, hbomax",2022-01-13
2022-01-15,Hotel Transylvania: Transformania,2022,https://boxd.it/2tNbAJ,2,,"w/ myself, @ mu, prime",2022-01-14
2022-01-16,American Psycho,2000,https://boxd.it/2u0CVP,4.5,Yes,"w/ myself, @ mu, sparrow, bff",2022-01-15
2022-01-16,Harry Potter 20th Anniversary: Return to Hogwarts,2022,https://boxd.it/2u1AX7,4,,"w/ myself, hbomax, @ mu",2022-01-15
2022-01-16,Living in Oblivion,1995,https://boxd.it/2u80Vj,4,,"w/ myself, @ mu, prime",2022-01-15
2022-01-17,Snowpiercer,2013,https://boxd.it/2ujJ0p,4.5,Yes,"w/ myself, @ mu, @ home, netflix, peacock",2022-01-15
2022-01-19,The Shining,1980,https://boxd.it/2uPCWb,4,Yes,"w/ myself, @ mu, hbomax",2022-01-18
2022-01-20,Rise of the Planet of the Apes,2011,https://boxd.it/2v3tlj,3.5,,"w/ myself, @ mu, sparrow",2022-01-19
2022-01-21,Frozen,2010,https://boxd.it/2vg2zf,3,,"w/ myself, @ mu, youtube",2022-01-20
2022-01-23,Dawn of the Planet of the Apes,2014,https://boxd.it/2vCfdF,3.5,,"w/ myself, @ mu, sparrow, bff",2022-01-22
2022-01-24,War for the Planet of the Apes,2017,https://boxd.it/2vVQ9N,3,,"w/ myself, @ mu, sparrow",2022-01-22
2022-01-24,Tusk,2014,https://boxd.it/2vZS1T,3.5,,"w/ myself, @ mu, showtime",2022-01-23
2022-01-25,Primer,2004,https://boxd.it/2wcJat,4.5,,"w/ myself, @ mu, sparrow",2022-01-24
2022-01-26,Mansome,2012,https://boxd.it/2wgZun,3,,"w/ myself, @ mu, youtube",2022-01-25
2022-01-27,Free Fire,2016,https://boxd.it/2wshux,3.5,,"w/ myself, @ mu, showtime",2022-01-26
2022-01-27,Airplane Mode,2019,https://boxd.it/2wvMhv,1.5,,"w/ myself, @ mu, paramount+",2022-01-26
2022-01-30,Ron's Gone Wrong,2021,https://boxd.it/2x7zhj,3,,"w/ myself, @ mu, disney+",2022-01-29
2022-01-30,The Fallout,2021,https://boxd.it/2x7Lfp,3.5,,"w/ myself, @ mu, hbomax",2022-01-29
2022-01-30,Justice League: Doom,2012,https://boxd.it/2x98hZ,3,,"w/ myself, @ mu, hbomax",2022-01-29
2022-01-31,2025: The World Enslaved By A Virus,2021,https://boxd.it/2xf34j,1,,"w/ myself, @ mu, prime",2022-01-30
2022-02-06,The Beta Test,2021,https://boxd.it/2ynXwj,3.5,,"w/ myself, @ mu, hulu, bff",2022-02-05
2022-02-07,Jackass: The Movie,2002,https://boxd.it/2yD02B,3,,"w/ myself, @ mu, sparrow",2022-02-06
2022-02-09,Horrible Bosses 2,2014,https://boxd.it/2yXTE1,1.5,,"w/ myself, @ mu, hbomax",2022-02-08
2022-02-10,Jackass 2.5,2007,https://boxd.it/2z97yX,3,,"w/ myself, @ mu, sparrow, paramount+",2022-02-09
2022-02-11,Pushing Dead,2016,https://boxd.it/2zjLe9,3.5,,"w/ myself, @ mu, tubi",2022-02-09
2022-02-11,Nobody,2021,https://boxd.it/2zhnLp,3.5,Yes,"w/ alaina, @ mu, hbomax",2022-02-10
2022-02-13,Bo Burnham: Inside,2021,https://boxd.it/2zFR5B,5,Yes,"w/ myself, @ home, netflix",2022-02-12
2022-02-13,Fargo,1996,https://boxd.it/2zLpF9,4,Yes,"@ pitt, w/ will, w/ john, w/ michael, w/ ben, w/ kelcey, w/ shivani, w/ zayd, w/ jamie, bff, prime",2022-02-13
2022-02-14,Borat: Cultural Learnings of America for Make Benefit Glorious Nation of Kazakhstan,2006,https://boxd.it/2zRmhb,1.5,Yes,"@ pitt, w/ will, w/ michael, w/ john, w/ ben, w/ zayd, w/ kelcey, w/ shivani, w/ jamie, bff, hulu",2022-02-13
2022-02-17,21 Jump Street,2012,https://boxd.it/2ApmdV,3.5,,"w/ myself, @ mu, netflix, bff",2022-02-16
2022-02-17,Mission: Impossible,1996,https://boxd.it/2AuosX,4,Yes,"w/ alaina, @ mu, prime",2022-02-16
2022-02-18,Jackass Forever,2022,https://boxd.it/2ACZxh,4,,"w/kyle, w/reed, @ theatre",2022-02-17
2022-02-19,Tall Girl 2,2022,https://boxd.it/2AH5ND,2,,"w/ myself, @ mu, netflix, bff",2022-02-18
2022-02-19,Loqueesha,2019,https://boxd.it/2AJBQ9,1,,"w/ myself, @ mu, tubi",2022-02-18
2022-02-19,The Ice Age Adventures of Buck Wild,2022,https://boxd.it/2ALOJT,1,,"w/ myself, @ mu, disney+",2022-02-18
2022-02-20,A Quiet Place Part II,2020,https://boxd.it/2AVgFN,4,,"w/ meredith, w/ mazzie, w/ julian, @ theatre, @ mu, w/ myself, paramount+",2022-02-19
2022-02-23,The Mummy,1999,https://boxd.it/2By27Z,3,,"w/ myself, @ mu, hbomax",2022-02-22
2022-02-25,The King's Man,2021,https://boxd.it/2BVF6H,2.5,,"w/ myself, @ mu, hulu",2022-02-22
2022-02-26,Batman & Robin,1997,https://boxd.it/2C3muh,1.5,,"w/ myself, @ mu, hulu",2022-02-25
2022-02-27,The Princess Bride,1987,https://boxd.it/2CbJzZ,3.5,,"w/ alaina, @ mu, hulu",2022-02-25
2022-03-01,Batman Forever,1995,https://boxd.it/2CzTp9,2,,"w/ myself, @ mu, hulu",2022-02-28
2022-03-01,Once Upon a Deadpool,2018,https://boxd.it/2CAMHH,2,,"w/ myself, @ mu, sparrow",2022-02-28
2022-03-01,Batman,1989,https://boxd.it/2CEDpx,3.5,,"w/ myself, @ mu, hulu",2022-02-28
2022-03-02,Batman Returns,1992,https://boxd.it/2CJWcd,3,Yes,"w/ myself, @ mu, hulu",2022-03-01
2022-03-02,Ted,2012,https://boxd.it/2CKKC1,3,,"w/ alaina, w/ narah, w/ carl, w/ josh, w/ joey, @ mu, hbomax, bff",2022-03-01
2022-03-02,Cloverfield,2008,https://boxd.it/2CMGRb,3.5,Yes,"w/ myself, @ mu, hbomax",2022-03-01
2022-03-03,Solaris,1972,https://boxd.it/2CYxEh,4.5,,"@ theatre, @ mu",2022-03-02
2022-03-04,"Planes, Trains and Automobiles",1987,https://boxd.it/2D1ctt,3,,"w/ alaina, @ mu, paramount+",2022-03-02
2022-03-04,Let Me In,2010,https://boxd.it/2D4Ipf,3,,"w/ myself, @ mu, netflix",2022-03-03
2022-03-04,The Batman,2022,https://boxd.it/2D96WP,4,,"w/ carl, w/ joey, w/ josh, w/ james, w/ evan, @ theatre",2022-03-03
2022-03-05,Batman,1966,https://boxd.it/2DcegX,3.5,Yes,"w/ myself, @ mu, sparrow",2022-03-04
2022-03-06,The Dark Knight,2008,https://boxd.it/2DpAAV,4,Yes,"w/ myself, @ mu, @ home, netflix",2022-03-05
2022-03-06,Contagion,2011,https://boxd.it/2Dv08N,3,,"w/ myself, @ home, netflix",2022-03-05
2022-03-06,GoodFellas,1990,https://boxd.it/2DyR4v,4,,"w/ will, w/ john, w/ ben, w/ trevor, w/ michael, @ michael's, hbomax, dvd",2022-03-06
2022-03-07,Se7en,1995,https://boxd.it/2DEQxN,4,Yes,"w/ myself, @ home, peacock",2022-03-06
2022-03-07,Sex Appeal,2022,https://boxd.it/2DJ1B5,2,,"w/ myself, @ home, hulu",2022-03-06
2022-03-08,The Big Short,2015,https://boxd.it/2DYY2D,2.5,,"w/dad, w/ myself, @ home, prime",2022-03-07
2022-03-09,Stand by Me,1986,https://boxd.it/2E2V1P,4,,"w/ myself, @ home, netflix",2022-03-08
2022-03-09,The Batman,2022,https://boxd.it/2E8Wzv,4,Yes,"w/ will, w/ john, w/ ben, w/ zayd, w/ trevor, w/ ryan, w/ partheev, w/ micah, @ theatre",2022-03-08
2022-03-12,Taxi Driver,1976,https://boxd.it/2EEstr,3.5,,"w/dad, @ home, netflix",2022-03-11
2022-03-13,Primer,2004,https://boxd.it/2EIDPr,3.5,Yes,"w/dad, @ home, prime",2022-03-11
2022-03-13,21,2008,https://boxd.it/2ESwyt,2,,"w/ will, w/ john, w/ ryan, w/ ben, w/ micah, @ will's, netflix",2022-03-12
2022-03-14,Turning Red,2022,https://boxd.it/2F5Qv1,3.5,,"w/ myself, @ home, @ mu, disney+",2022-03-13
2022-03-15,The Adam Project,2022,https://boxd.it/2Ff0DR,3.5,,"w/ myself, @ mu, netflix",2022-03-14
2022-03-16,Fresh,2022,https://boxd.it/2Fo25P,4,,"w/ myself, @ mu, hulu",2022-03-15
2022-03-16,No Exit,2022,https://boxd.it/2Fp7JR,2.5,,"w/ myself, @ mu, hulu",2022-03-15
2022-03-17,Taxi Driver,1976,https://boxd.it/2FCdb3,4,Yes,"@ mu, @ theatre",2022-03-16
2022-03-17,The Evil Dead,1981,https://boxd.it/2FEgFz,1.5,,"w/ alaina, @ mu, hbomax",2022-03-16
2022-03-18,R.I.P.D.,2013,https://boxd.it/2FNsPT,3.5,,"w/ myself, @ mu, hbomax",2022-03-17
2022-03-18,G.I. Joe: The Rise of Cobra,2009,https://boxd.it/2FOvjX,1,,"w/ myself, @ mu, hbomax",2022-03-17
2022-03-18,Good Time,2017,https://boxd.it/2FOSwl,4,Yes,"w/ myself, @ mu, showtime",2022-03-18
2022-03-21,The Incredibles,2004,https://boxd.it/2GnCol,5,Yes,"w/ alaina, @ mu, disney+",2022-03-20
2022-03-21,Licorice Pizza,2021,https://boxd.it/2GpeGf,3,,"w/ myself, @ mu, @ home, sparrow",2022-03-20
2022-03-22,Boogie Nights,1997,https://boxd.it/2GuhuV,4,,"w/ myself, @ home, showtime",2022-03-21
2022-03-22,Cheaper by the Dozen,2022,https://boxd.it/2GwlJJ,3,,"w/ myself, @ home, disney+",2022-03-21
2022-03-22,The Batman,2022,https://boxd.it/2GBElh,4.5,Yes,"w/dad, @ theatre, XD",2022-03-21
2022-03-23,The Dark Knight Rises,2012,https://boxd.it/2GLUTf,3.5,Yes,"w/ myself, @ home, hbomax",2022-03-22
2022-03-23,Being John Malkovich,1999,https://boxd.it/2GNwUx,4,,"w/dad, @ home, peacock",2022-03-22
2022-03-25,Punch-Drunk Love,2002,https://boxd.it/2H1sFB,4.5,,"w/ myself, @ home, hbomax",2022-03-24
2022-03-25,Where the Wild Things Are,2009,https://boxd.it/2H3O5z,3,,"w/ myself, @ home, netflix",2022-03-24
2022-03-25,Adaptation.,2002,https://boxd.it/2H822n,4.5,,"w/dad, @ home, hbomax",2022-03-24
2022-03-25,Lady Bird,2017,https://boxd.it/2H92gh,4.5,Yes,"w/ myself, @ home, netflix",2022-03-25
2022-03-26,Eternal Sunshine of the Spotless Mind,2004,https://boxd.it/2HbKib,3.5,,,2022-03-25
2022-03-26,Good Will Hunting,1997,https://boxd.it/2Hcmx9,4,,"w/ myself, @ home, hbomax",2022-03-25
2022-03-29,Kill Bill: Vol. 1,2003,https://boxd.it/2HTA4h,,,"@ pitt, w/ will, w/ john, w/ jack n, w/ emily, w/ jamie, w/ kelcey, w/ shivani, w/ partheev, w/ ben, w/ bob, w/ zayd, sparrow",2022-03-28
2022-03-30,The Town,2010,https://boxd.it/2HXpvz,3,,"w/ myself, @ home, netflix",2022-03-28
2022-03-31,Blade Runner,1982,https://boxd.it/2I6Xgr,4,,"w/dad, @ home, netflix",2022-03-29
2022-03-31,King of Thieves,2018,https://boxd.it/2I7X0Z,2.5,,"w/ myself, @ home, netflix",2022-03-30
2022-04-01,Death on the Nile,2022,https://boxd.it/2IgJeB,3,,"w/ myself, @ home, hbomax",2022-03-31
